ID,LastName,FirstName,email,salary,Skill,Tax
71-0315382,Rubinovitch,Mélanie,drubinovitch0@google.com.hk,$4883.13,WDK,$210.22
07-2273300,Fitzjohn,Anaé,tfitzjohn1@miibeian.gov.cn,$3382.68,JVs,$127.36
00-5608520,,Célestine,caires2@quantcast.com,$8636.92,IASO,$396.50
01-9616396,Rides,Táng,,$4429.53,,$184.48
85-1552843,,Bénédicte,loby4@blogs.com,$1918.43,TMJ Treatment,$498.07
30-9588911,Lupson,Bécassine,mlupson5@discuz.net,$9559.02,Process Efficiency,$307.90
53-4120154,Amy,Thérèsa,famy6@intel.com,$2907.28,,$73.33
56-0122655,Robertson,Gaétane,,$1294.29,Operational Risk,$285.39
52-3192486,Sturt,Vénus,osturt8@abc.net.au,$1609.45,Editorial Illustrations,$224.27
96-1723335,Mitchener,Gaétane,,$3611.53,Classical,$42.37
81-3471359,Bartle,,fbartlea@reuters.com,$5739.86,Zebrafish,$410.92
09-5669639,Victor,Mélinda,cvictorb@ed.gov,$5126.06,CA Unicenter NSM,$201.88
43-6587103,Starling,Dù,,$4357.33,IPO,$331.05
37-9623702,Labusquiere,Estée,tlabusquiered@t-online.de,$2987.92,Legal Documents,$437.97
44-8495907,Weathers,,fweatherse@google.pl,$1558.54,NHL,$379.12
56-7363801,Geroldini,Clémentine,sgeroldinif@buzzfeed.com,$8623.70,Rock Mechanics,$125.11
91-0885760,Curedell,Léane,ccuredellg@networkadvertising.org,$9646.53,Jenark,$493.06
30-0670811,Counsell,Tán,,$2070.60,Swimming,$404.46
64-8249599,Springtorp,Noémie,mspringtorpi@cbsnews.com,$9530.26,,$338.32
71-7136979,Lockhart,Faîtes,tlockhartj@ovh.net,$6241.77,Jeep,$493.20
41-3037474,Arundel,Måns,jarundelk@nifty.com,$9190.33,Volunteering,$463.95
26-1765973,Rackstraw,Méghane,,$8690.72,Business Analysis,$202.70
71-8529485,Kun,,ckunm@yahoo.co.jp,$5242.07,SVT,$358.48
00-1775424,Hamley,Eugénie,bhamleyn@google.com.br,$3083.07,XTRAC,$40.24
49-5149841,,Eliès,jholliboneo@360.cn,$7537.10,Hmong,$26.34
27-2882075,Fluin,Agnès,tfluinp@bravesites.com,$1737.15,OC RDC,$111.33
10-5567719,Vel,Nélie,,$5372.73,Hatha Yoga,$321.15
66-5773672,Omond,Daphnée,gomondr@infoseek.co.jp,$8293.33,Work Effectively,$333.70
14-4145273,Larrosa,Méghane,alarrosas@cbsnews.com,$8742.19,Airworthiness,$19.97
41-9706432,Brigden,Tán,mbrigdent@cdbaby.com,$6579.92,CGI programming,$285.05
95-2732901,,Marie-ève,kgallehawku@mediafire.com,$7691.87,Custom Homes,$71.25
28-1035409,Gretham,,agrethamv@51.la,$3118.31,,$145.04
59-4543960,,Néhémie,lkellettw@ifeng.com,$4142.79,CSG,$75.73
25-5115742,,Ruì,ljosephovx@cocolog-nifty.com,$2417.86,MSC Patran,$414.78
50-3148601,Benda,Marie-josée,ebenday@latimes.com,$9880.92,Current Affairs,$297.03
75-1167893,Rable,Maëlle,srablez@marketwatch.com,$5469.76,Black &amp
11-9935798,McClory,Sòng,smcclory10@topsy.com,$5307.23,Pilates,$364.93
90-8149839,Facchini,,dfacchini11@360.cn,$7733.77,Nmap,$457.60
54-3610994,Dare,Léonore,,$8783.77,Freight,$461.12
09-3437052,Goade,Océane,cgoade13@qq.com,$5435.96,Accounting,$343.74
57-0383778,Applewhite,Célestine,,$4401.06,Digital Illustration,$311.28
16-4672295,Brackstone,Publicité,,$3785.68,Legal Research,$459.96
43-1090862,,Maëlann,frobke16@netvibes.com,$8342.43,RTO,$175.46
79-9141993,Izon,Andréanne,aizon17@liveinternet.ru,$7389.10,CXO,$281.22
36-9878557,Gwinnell,Thérèse,pgwinnell18@facebook.com,$6219.91,Overcome Objections,$27.41
35-2374640,,Östen,gduckerin19@mail.ru,$6309.12,HGV,$111.09
16-6196024,Bousquet,Camélia,mbousquet1a@chron.com,$3707.69,Yarn,$467.94
77-5965864,Glave,Marie-hélène,bglave1b@nasa.gov,$5872.44,Custom Furniture,$432.64
68-0471307,Lakenton,Eloïse,vlakenton1c@jugem.jp,$8314.38,Freight Forwarding,$454.58
45-5820255,Storrier,Publicité,vstorrier1d@etsy.com,$6291.31,,$332.06
45-3900358,Freiburger,Mélanie,,$3203.01,Ionic Liquids,$124.39
43-5152703,Redgewell,Maëlyss,,$5865.79,Luxury Cruise,$256.56
16-4234752,Moraleda,Hélèna,amoraleda1g@ebay.com,$4681.93,CMA,$441.15
53-6730307,Brisard,Lauréna,rbrisard1h@istockphoto.com,$5470.27,MPLS-TP,$470.64
60-3991166,Tugwell,Nélie,ntugwell1i@freewebs.com,$8527.63,LVS,$172.93
76-0330535,Redley,Audréanne,,$7892.46,Aftersales,$44.50
71-9909156,Langhorn,Angélique,clanghorn1k@dmoz.org,$4729.20,Feature Writing,$199.94
47-1248099,,Clélia,yrouby1l@foxnews.com,$7851.47,Offshore Oil &amp
73-6777821,,Maïlis,tlayborn1m@pagesperso-orange.fr,$8032.82,Windows Azure,$362.05
28-8649138,,Eloïse,,$3913.76,Nortel DMS,$26.54
32-9402398,Van Castele,Bérénice,svancastele1o@tinypic.com,$6535.78,,$436.46
43-2589632,Di Maggio,Maëlys,ddimaggio1p@moonfruit.com,$3112.21,Analytical Skills,$31.68
00-2383265,Gonsalo,Sòng,cgonsalo1q@biblegateway.com,$5200.25,MCH,$307.56
84-8028345,Lorroway,Mélodie,dlorroway1r@fda.gov,$5686.67,Corporate Events,$485.88
96-9901651,Ferneley,Eugénie,,$4525.00,Two-photon Microscopy,$457.04
91-4829112,,Yú,bcowderoy1t@themeforest.net,$4222.29,VDI,$52.71
92-9399137,Gladding,Marlène,,$7390.04,Two-way Radio,$491.57
36-0981004,Vint,,,$4537.50,Electronics,$443.95
22-6313368,Masserel,Crééz,amasserel1w@wunderground.com,$5540.41,First Year Experience,$461.36
60-3489754,Coldwell,Adélaïde,kcoldwell1x@ebay.co.uk,$1614.07,TIBCO,$78.61
93-5336467,Arnason,Yè,karnason1y@webnode.com,$8633.61,,$278.43
27-0530251,Rumsey,Gösta,jrumsey1z@unesco.org,$6974.25,IVIG,$84.67
94-1639644,Gebbe,Sélène,rgebbe20@apple.com,$5269.82,NG-SDH,$317.19
92-2390629,Trimnell,Thérèsa,atrimnell21@fda.gov,$6228.56,Broadcast,$350.12
94-7056018,Bleue,Angèle,lbleue22@upenn.edu,$6869.45,Bhangra,$285.91
56-8064517,Sally,Ruò,dsally23@seesaa.net,$4032.01,Criminal Law,$319.89
71-8312704,Bielfelt,,bbielfelt24@youtu.be,$3068.42,IBM AS/400,$442.81
91-5731268,Trail,,dtrail25@photobucket.com,$1588.66,NDK,$241.41
91-1814492,Rigate,Görel,krigate26@who.int,$4785.00,Sports Medicine,$283.84
74-3914022,Gircke,Gaïa,hgircke27@ftc.gov,$4319.00,Human Resource Development,$468.47
65-0862752,Duckit,Åslög,tduckit28@example.com,$4649.23,DDA compliance,$457.64
46-7193637,Leupold,Marie-ève,gleupold29@about.me,$4005.24,Retail,$405.69
17-1891937,Risbridge,Andréa,frisbridge2a@printfriendly.com,$8464.58,Passionate about work,$260.24
15-9298410,Innis,Maéna,,$4662.72,HBDI,$347.74
85-8154710,Quemby,Zhì,bquemby2c@spotify.com,$3303.97,PMD,$109.27
25-5076614,Langdridge,,elangdridge2d@japanpost.jp,$7389.92,Juniper JNCIA,$11.48
48-1769500,Culshaw,Bérénice,mculshaw2e@acquirethisname.com,$8416.59,Wicklander-Zulawski Interview &amp
16-8033973,de Glanville,,,$2004.22,Literature,$287.58
89-6254659,Royston,Géraldine,mroyston2g@usgs.gov,$4276.04,HSM,$215.39
63-1789687,Trodd,Märta,,$4495.73,Photography,$164.00
88-1474126,Curm,Maïlys,lcurm2i@go.com,$1933.35,Invertebrate Zoology,$160.23
94-3946524,Jeanneau,Maëlys,ejeanneau2j@vinaora.com,$9345.71,IT Risk Management,$476.86
95-7721325,McKea,,pmckea2k@macromedia.com,$8084.07,EFQM Excellence Model,$128.10
36-8940650,Egiloff,Lài,,$3416.15,IRI,$289.77
19-2780053,Cattell,Bécassine,scattell2m@quantcast.com,$1017.35,Btrieve,$382.99
81-1000588,Quin,Uò,,$9147.37,Grants,$280.01
13-4141319,,Célestine,tcurwood2o@skype.com,$4975.82,DP,$305.43
60-7730707,,Andréa,sberthon2p@hostgator.com,$3969.20,ECDL Certification,$231.64
57-9567755,Wessel,Mélia,cwessel2q@discovery.com,$2527.40,Two-photon Microscopy,$279.80
22-1805679,Hesse,Magdalène,bhesse2r@paginegialle.it,$2547.28,Inventory Control,$298.40
46-6801889,Thomazin,,uthomazin2s@meetup.com,$8685.89,Data Modeling,$294.95
03-3094042,Bedells,Félicie,,$6496.82,Small Business Development,$118.54
40-6231821,Finlator,Loïs,afinlator2u@unc.edu,$5636.43,FCNSP,$490.68
28-1769246,Cupitt,Véronique,hcupitt2v@theatlantic.com,$9355.34,CGI/Perl,$123.32
82-1666958,Marden,Sélène,vmarden2w@marriott.com,$6895.86,OEM negotiations,$284.79
01-1614488,Gheorghescu,Léana,fgheorghescu2x@icq.com,$8432.88,LCS,$64.90
77-2359065,,Frédérique,,$2640.86,Direct Marketing,$363.85
87-3474257,Syde,,msyde2z@bing.com,$5327.13,CSI,$228.60
45-8770030,,Åke,,$1435.33,EIP,$420.21
43-9272178,Martynikhin,Mélia,dmartynikhin31@kickstarter.com,$1715.51,VBScript,$201.15
26-2278203,Tite,Geneviève,,$5912.16,Xero,$222.55
08-9971996,Kenryd,Annotée,zkenryd33@bluehost.com,$6997.06,LCR,$181.34
68-0068465,Spurdens,,,$4271.76,Occlusion,$268.02
74-9182659,Abade,,jabade35@webeden.co.uk,$2378.36,Wedding DJ,$485.88
37-7339942,Tummond,Maï,,$5251.48,Multimedia,$156.85
81-4925658,Phelipeau,Léane,,$1900.20,ERDAS Imagine,$373.79
75-8918601,McCafferky,Zoé,smccafferky38@google.es,$7546.88,,$20.95
31-4804062,,Méthode,dlesurf39@theglobeandmail.com,$2743.43,Gynecologic Oncology,$94.00
81-7994331,,Thérèsa,byacobsohn3a@mail.ru,$1343.52,FHLMC,$460.14
18-6057362,,Rébecca,wmccreedy3b@unblog.fr,$5721.60,HP Openview,$83.16
95-0380249,Goodered,Måns,,$6824.20,Okuma,$393.62
55-9027557,McTerrelly,Ruì,,$4736.38,Abstract Paintings,$36.25
11-1161834,Fowells,Léandre,,$6668.97,GCCS,$269.00
99-7179528,Birkmyre,Anaël,mbirkmyre3f@google.fr,$1566.55,Physical Therapy,$12.35
05-8598101,Frankis,Cécile,hfrankis3g@wikimedia.org,$5452.58,CNN Pathfire,$118.86
92-3008032,Mogey,Marylène,,$4835.76,Storage,$243.41
98-4600712,Gapper,Erwéi,ggapper3i@posterous.com,$7916.38,,$387.45
59-2128253,Heinschke,Publicité,,$4687.02,GMP,$365.98
26-2246534,Calterone,Crééz,acalterone3k@msu.edu,$6761.45,Ektron,$270.83
33-4262678,Beardsley,Lorène,vbeardsley3l@narod.ru,$6744.39,AJAX Frameworks,$418.22
86-5756893,Hoyland,Adélaïde,,$5682.65,FTTH,$276.15
27-7376958,Donovin,Stéphanie,,$3092.47,Pneumatic Tools,$355.03
77-3191633,Wibrow,Méng,lwibrow3o@ameblo.jp,$6025.65,VSEO,$104.74
31-6899845,Westgate,Kallisté,ewestgate3p@amazonaws.com,$1268.84,Xpediter,$438.99
55-0187475,Regi,Zhì,aregi3q@discuz.net,$7647.69,Epigenetics,$42.80
59-3535604,,Camélia,,$4030.81,IPTV,$450.25
02-6577965,Cartmill,Méryl,,$9552.65,Blackberry Enterprise Server,$224.68
97-8174856,,Lèi,hdrinkhall3t@go.com,$7627.20,Topographic Surveys,$37.11
33-6848598,Goady,Mélanie,dgoady3u@goo.gl,$9047.77,eZ Publish,$237.61
18-1141863,Quince,Cléopatre,gquince3v@gmpg.org,$6088.30,Olympic Lifting,$303.58
73-2967446,Karchowski,Sòng,jkarchowski3w@issuu.com,$3374.92,Botany,$140.06
44-5279230,Linfitt,Lorène,slinfitt3x@harvard.edu,$7565.83,Simple IRA,$313.93
81-2178742,Harte,Marlène,rharte3y@wordpress.com,$3288.11,Quality Patient Care,$472.93
83-3476767,Manketell,Thérèse,mmanketell3z@vkontakte.ru,$8808.40,GML,$69.39
87-0394229,Adamou,Eliès,sadamou40@omniture.com,$7549.81,WHMIS,$129.00
90-1531475,Duquesnay,Mårten,rduquesnay41@sun.com,$7124.69,QlikView Development,$72.97
46-3596831,,Clémentine,,$6082.99,Web Development,$133.56
53-9522054,McGeady,Marie-josée,,$8387.19,Gel Electrophoresis,$287.41
16-1925915,Amy,Félicie,bamy44@instagram.com,$5290.09,MM7,$365.22
50-8082518,Yerrill,Mylène,ayerrill45@illinois.edu,$5738.96,Citrix XenApp,$84.30
67-1534524,Dominico,Maï,pdominico46@newsvine.com,$4190.79,dtSearch,$76.12
70-5661978,Jobern,Cécilia,ejobern47@domainmarket.com,$1374.73,Hyperion Reports,$422.02
16-9417922,Brine,Kù,dbrine48@hibu.com,$5321.48,IQ Navigator,$331.93
73-8935738,Janks,Mélina,ljanks49@amazonaws.com,$3264.60,Data Integration,$349.72
84-3231639,Castillou,Marie-noël,fcastillou4a@epa.gov,$8494.04,Node.js,$490.28
02-2712357,Sone,Edmée,lsone4b@census.gov,$2108.51,eZ Publish,$11.24
18-8816803,Blackburne,Maëlys,oblackburne4c@simplemachines.org,$7289.97,Warehousing,$190.75
75-6834733,Stapells,Maïlis,,$3080.36,Sage ERP X3,$65.05
09-2335236,Ord,,mord4e@bandcamp.com,$1591.17,Bartending,$442.74
84-7615992,Bullant,Françoise,mbullant4f@topsy.com,$3640.66,Ebay Sales,$259.58
25-5476158,Couttes,Rachèle,rcouttes4g@army.mil,$4266.74,Teeth Whitening,$296.65
83-3476561,,Erwéi,mguage4h@ed.gov,$7434.88,PDM Works,$183.80
04-5899459,LAbbet,Mélanie,ylabbet4i@cdbaby.com,$2292.74,OCP,$70.92
96-0765883,Garstan,Eléa,egarstan4j@rediff.com,$2436.71,HW development,$433.26
07-2578028,Garvie,Åsa,jgarvie4k@cnet.com,$8507.26,BMP,$428.95
80-1655814,Walaron,,awalaron4l@devhub.com,$6037.88,eBusiness Suite,$56.02
35-3255626,Bassick,Marie-noël,,$4982.03,Raw Materials,$227.59
86-9000153,Totterdell,Lài,,$8081.31,Utilization Management,$139.17
16-5065334,Benterman,Félicie,bbenterman4o@toplist.cz,$1022.85,Art Education,$18.96
66-6654871,Blanque,,kblanque4p@sfgate.com,$8200.93,Steam Turbines,$163.41
97-3574049,Chuck,Ruò,nchuck4q@comsenz.com,$5584.33,HDSL,$289.87
11-0304349,Brownsmith,,mbrownsmith4r@cafepress.com,$2768.14,OLA,$314.15
10-8694388,Duffit,Irène,pduffit4s@com.com,$5130.42,AAMS,$366.64
55-9046019,Thickins,,wthickins4t@reuters.com,$9530.98,IPv6,$66.68
05-7375058,Spoole,Mélissandre,tspoole4u@uiuc.edu,$1664.01,Management by Objectives,$473.87
41-0941967,Sparshett,Maëline,,$5811.21,Layout,$107.49
77-9503197,Fontelles,Félicie,ifontelles4w@mozilla.com,$6926.06,EIM,$101.71
14-3360147,Kaveney,,ekaveney4x@mit.edu,$7392.03,EWP,$125.45
53-9439491,,Pélagie,,$9121.72,CMC,$441.03
17-1426174,Arsmith,,rarsmith4z@google.co.jp,$4112.68,Smartforms,$204.54
60-2032256,Roney,Marie-hélène,,$2073.93,Wheat,$327.72
41-9132359,Adin,Magdalène,cadin51@bravesites.com,$5453.86,MSN AdCenter,$12.38
41-0074258,,Cléopatre,hdorking52@google.pl,$4687.66,nDo,$202.66
37-4181418,,Loïc,kbebbington53@yellowbook.com,$6120.95,Epic Systems,$488.03
80-0647349,Grancher,Anaëlle,,$4377.64,HR Solutions,$493.96
62-5208216,Bahls,Ráo,wbahls55@fastcompany.com,$7301.16,Luxury Brand Marketing,$399.67
55-0386174,Barradell,Dorothée,abarradell56@pinterest.com,$4335.28,EEOC,$290.55
52-9181420,,Néhémie,,$5769.00,Influence Others,$261.91
77-9754134,Yakebovich,,byakebovich58@prweb.com,$4692.43,Twist,$76.58
85-4740444,Duffrie,Yénora,,$9125.83,Volunteer Management,$50.13
54-1606588,Hunn,,uhunn5a@stanford.edu,$1808.34,,$350.64
95-5249632,Antyshev,Laïla,mantyshev5b@desdev.cn,$6816.60,MPEG,$215.71
64-5501133,Loxley,Adélaïde,nloxley5c@woothemes.com,$2682.41,Proposal Writing,$493.65
43-8145704,Talton,Méng,ttalton5d@technorati.com,$2857.30,Allergy,$326.30
62-5172795,Gater,,,$3459.84,PVR,$97.54
65-9271978,Bilborough,Océane,bbilborough5f@aol.com,$9941.12,Xerces,$294.71
41-4001789,Ridoutt,,,$2688.97,Jimmy Jib,$380.06
42-8276743,Yakuntsov,Bécassine,nyakuntsov5h@stumbleupon.com,$4423.87,PBUSE,$132.01
27-2626427,Kennifick,Anaé,pkennifick5i@msu.edu,$6436.06,Political Risk Analysis,$32.55
02-4839334,Bockings,Anaïs,bbockings5j@hud.gov,$1249.18,Sustainable Agriculture,$128.92
05-1009218,,Maï,dstonier5k@php.net,$1967.54,BTL Activations,$399.59
74-3955917,Snar,Cléa,csnar5l@dropbox.com,$9622.39,Railway,$180.91
16-3473118,,Wá,,$7137.71,Russian,$230.59
32-4656637,Mitten,Célestine,bmitten5n@paypal.com,$9260.58,MXF,$497.23
19-6031279,Ivashov,Léandre,,$1858.95,BTS Installation,$170.58
37-8158146,Ratcliff,Audréanne,aratcliff5p@yellowbook.com,$7564.90,FDCPA,$76.47
60-5451657,Rounsivall,Marie-josée,lrounsivall5q@google.de,$3571.38,OllyDbg,$108.81
21-2013966,Brennans,Märta,lbrennans5r@weebly.com,$9955.95,Broadcast Journalism,$370.99
64-0187355,Rochford,Simplifiés,crochford5s@cisco.com,$4289.50,XMLHTTP,$135.15
90-3075903,Duthy,,tduthy5t@unc.edu,$7260.27,EEO Investigations,$176.38
72-0380788,Slowan,Cinéma,,$8694.25,Guardianship,$426.30
68-3279008,,Björn,jlough5v@smugmug.com,$1794.65,Pipefitting,$231.15
41-4118839,Drummond,Mégane,,$2160.29,LGBT Rights,$415.13
27-8465183,,Eléa,bstutte5x@studiopress.com,$6798.91,Academic Writing,$284.28
56-4759186,Laingmaid,Tán,klaingmaid5y@homestead.com,$1126.06,Jetty,$323.75
25-7978016,Camocke,Mahélie,ccamocke5z@nba.com,$1892.41,Not for Profit,$386.37
57-4974154,,Bérengère,,$1495.57,VLR,$386.39
70-7399512,Kelby,Annotés,ckelby61@goodreads.com,$7090.95,IP Cameras,$297.27
62-8198527,Cultcheth,,tcultcheth62@livejournal.com,$5442.13,Knowledge Base,$173.42
86-2770503,Kob,Adélaïde,,$9383.81,SSO,$116.42
52-7338324,Van Niekerk,Lucrèce,avanniekerk64@wufoo.com,$5182.85,Flow Cytometry,$246.57
48-2528644,Toffolini,Françoise,ftoffolini65@about.me,$5872.39,Compensation &amp
41-1483281,Dregan,Joséphine,,$4518.86,VSX,$354.22
48-2092278,Haisell,Lài,ahaisell67@icq.com,$1562.69,Image Manipulation,$240.44
26-6599373,Obey,Marie-josée,,$5012.98,Foreign Trade Zone,$291.27
33-5725714,,Yè,,$5283.57,WPA,$14.92
45-7093451,Cumming,,lcumming6a@nationalgeographic.com,$1335.64,Upholstery,$237.44
92-2179979,Garrit,Joséphine,cgarrit6b@booking.com,$7820.99,UCCE,$384.33
84-7997458,Kleinhaus,Mylène,ikleinhaus6c@wunderground.com,$1257.04,fMRI,$188.12
41-0758690,Byart,Béatrice,rbyart6d@china.com.cn,$9637.02,Hyperion HFM,$366.34
88-0575224,Thorius,Anaëlle,,$2530.33,WFA,$158.38
56-2811294,Harburtson,Aurélie,,$1038.69,Accounting,$105.50
78-5530717,Smart,Mà,fsmart6g@yale.edu,$6329.05,Logistics,$200.86
45-1561931,Blackey,Andrée,mblackey6h@behance.net,$3127.21,Electronics,$418.40
96-1568447,Guynemer,Måns,rguynemer6i@github.io,$3637.12,Apartments,$242.55
10-4650160,,Maïlys,rcunnow6j@wordpress.com,$3616.89,GCIH,$43.42
36-7828369,,Thérèsa,pabeles6k@livejournal.com,$5152.34,Nitric Oxide,$181.33
98-9985837,Gatchel,Intéressant,,$9989.25,,$162.61
42-8717173,,Michèle,,$2822.56,RNAi,$155.46
16-7508950,Hosby,Angèle,dhosby6n@g.co,$9663.96,,$458.84
51-2341132,Ofield,Océanne,lofield6o@alibaba.com,$7137.94,,$13.41
01-2867323,,,sgateland6p@jalbum.net,$6494.15,Writing,$95.31
05-1080591,,Clélia,sgudgion6q@odnoklassniki.ru,$7812.73,Adobe Acrobat,$326.32
12-8702137,McKoy,Valérie,emckoy6r@businesswire.com,$9323.29,ASP.NET MVC,$17.79
19-4850207,Bantham,Anaël,lbantham6s@webeden.co.uk,$2155.49,CSRs,$95.25
29-2904103,Bushaway,Mårten,,$5627.08,Wellbeing,$112.04
64-9806128,,Léandre,blippo6u@jimdo.com,$8736.16,,$233.28
13-9854804,Cohane,Valérie,jcohane6v@woothemes.com,$9441.02,Critical Care,$255.34
07-2478498,Gerrelts,Publicité,pgerrelts6w@whitehouse.gov,$1076.33,Heavy Oil,$231.05
42-5480225,,Marie-ève,dlangeren6x@wikipedia.org,$8993.30,VNC,$452.46
68-2859145,Shipp,Loïs,ishipp6y@parallels.com,$5375.27,Sponsorship,$18.88
92-2988602,Logan,Cléopatre,blogan6z@zdnet.com,$4583.21,Luxury Homes,$428.02
20-2505519,Howselee,Görel,ghowselee70@360.cn,$9766.98,JMS,$137.43
62-3352611,Preshous,Inès,,$7964.10,MPEG,$262.89
77-0187333,L'oiseau,Magdalène,dloiseau72@weather.com,$7411.08,Trade Shows,$437.54
56-5012878,Coakley,Maéna,ncoakley73@nsw.gov.au,$4912.78,JDA,$154.64
82-7722807,Masselin,,,$7404.03,CDM Co-ordinator,$376.82
98-1463257,Algate,Märta,ialgate75@arstechnica.com,$1010.47,Ironport,$444.51
85-7081600,Worgen,Yáo,mworgen76@diigo.com,$6578.91,Entrust PKI,$250.19
98-1273904,Hurlin,,rhurlin77@over-blog.com,$6756.45,RMI,$290.84
87-8552858,Baytrop,Estée,,$8007.53,First Aid,$345.23
64-4824910,Czadla,Personnalisée,,$1893.81,Computer Science,$367.18
73-3826693,Poletto,,gpoletto7a@yandex.ru,$7800.49,Prenuptial Agreements,$363.09
40-5831831,Caulkett,,acaulkett7b@mac.com,$1949.46,Erwin,$410.99
42-1017336,McColley,Laïla,,$9433.04,Keyshot,$384.31
12-8119889,Vautre,Maï,nvautre7d@imgur.com,$1183.41,SDH,$428.83
23-5471167,Hanster,Médiamass,ahanster7e@mac.com,$3715.22,RSA Security,$356.73
36-9511199,Mantz,Mélodie,smantz7f@alibaba.com,$3621.97,Aesthetics,$497.89
53-2961334,Grocock,,wgrocock7g@hud.gov,$6265.02,GPS Tracking,$465.29
01-3645725,,Zoé,cmustoo7h@google.fr,$2016.68,Economics,$485.32
38-6605032,,,dfero7i@va.gov,$5110.44,NLP,$393.73
27-5026428,Klisch,Néhémie,hklisch7j@admin.ch,$6669.83,Operational Planning,$341.77
52-9208420,Dodsworth,Bénédicte,gdodsworth7k@livejournal.com,$3211.76,MyBatis,$113.00
64-1341466,Reast,Daphnée,greast7l@harvard.edu,$7038.38,Cinematography,$169.80
78-0321977,Murie,Östen,cmurie7m@cafepress.com,$8409.62,Patents,$182.81
12-1836620,Burch,Maëly,cburch7n@ihg.com,$1410.26,DFS,$15.38
80-6251453,Rust,,,$8655.41,Software Engineering,$368.15
23-5417020,Ottewill,Börje,,$9588.63,Cycling,$49.11
03-5538552,,Cléopatre,aelacoate7q@webeden.co.uk,$3187.68,Workforce Planning,$169.79
39-6555765,Mullineux,Intéressant,dmullineux7r@e-recht24.de,$3038.86,,$147.78
25-2246865,,André,ctwells7s@nsw.gov.au,$1123.59,Basel II,$313.84
71-0668425,De Paepe,Görel,jdepaepe7t@sphinn.com,$1585.22,,$242.93
87-6754913,Woolford,Sòng,bwoolford7u@economist.com,$8991.03,Csh,$184.94
96-0684594,Ogborn,Maëline,,$5659.05,Thermal Oxidation,$349.37
34-7581231,Yukhtin,Ruò,iyukhtin7w@earthlink.net,$8632.47,BMC Patrol,$375.17
90-1724047,McLagan,Bérengère,bmclagan7x@vinaora.com,$3269.11,UCSC Genome Browser,$146.14
96-0148492,Muddiman,Maëlyss,fmuddiman7y@cisco.com,$1556.18,PDMS,$296.16
20-1034637,Watkin,Andréa,awatkin7z@netvibes.com,$2007.62,,$277.38
10-1521959,Gymlett,Táng,rgymlett80@domainmarket.com,$8536.06,Urban Redevelopment,$281.98
64-3350450,Geraldo,Mélodie,,$6268.22,Case Management,$300.98
24-4988596,Father,,,$6496.77,Combined Cycle,$75.25
80-8456560,Broomfield,Andréanne,mbroomfield83@craigslist.org,$2517.32,DFMEA,$90.31
80-6947871,Drummer,Vénus,adrummer84@bizjournals.com,$6163.95,OGRE,$416.70
91-9626331,,Thérèse,rkalderon85@disqus.com,$3837.15,QRadar,$364.67
40-4873935,Absolom,Ophélie,oabsolom86@who.int,$2746.61,Zend Framework,$331.89
46-0026860,,Yóu,mnield87@reference.com,$1728.92,MXML,$310.26
68-9272438,Preshous,Cinéma,cpreshous88@aol.com,$4031.88,Mortgage Banking,$192.99
14-1495227,Mylechreest,Garçon,emylechreest89@github.com,$6187.83,Aquatic Therapy,$10.30
25-5254051,Bootell,Noëlla,jbootell8a@about.me,$3445.64,CMYK,$400.18
78-1874619,,Loïc,rstivens8b@bandcamp.com,$2380.24,Turn Around Management,$129.23
29-9419147,Schreurs,Bérangère,rschreurs8c@drupal.org,$6282.07,Acoustic Guitar,$239.23
43-7588488,Stollenbecker,Régine,dstollenbecker8d@drupal.org,$7789.01,Power Utilities,$63.60
06-4803782,Filon,Andrée,,$4496.35,Snoring,$472.67
43-3042326,Snowman,Yú,rsnowman8f@gov.uk,$3566.39,NMS,$277.31
03-3707921,Pietruszewicz,Géraldine,wpietruszewicz8g@epa.gov,$3541.18,RVs,$208.35
42-0888870,Caddie,Pélagie,bcaddie8h@auda.org.au,$2772.02,SLES,$105.09
48-0619429,Pennycock,Océanne,tpennycock8i@hostgator.com,$5050.33,GNU Make,$491.38
37-1605871,Danilin,Amélie,,$6996.78,Vocational Rehabilitation,$249.10
69-8955794,Heaseman,Marie-hélène,,$7086.91,Mobile Devices,$120.57
18-7433186,Bower,Cécile,kbower8l@businessweek.com,$3464.08,PDM,$384.40
47-4458725,Gayton,Mà,agayton8m@wikia.com,$4725.13,DBI,$382.35
19-0893860,Pray,Audréanne,,$9954.04,VOD,$136.70
43-5232986,Corzon,Yóu,gcorzon8o@delicious.com,$4023.25,MLSS,$65.14
02-3049085,Hairesnape,Andréanne,khairesnape8p@yandex.ru,$3222.57,Urban Design,$473.44
44-4149887,Gallagher,Yénora,rgallagher8q@gizmodo.com,$3721.80,GNU Make,$393.42
40-1251792,Fihelly,Intéressant,,$7952.95,Home Owners,$177.79
11-6267893,Danilenko,Gérald,,$4256.80,Xytech,$446.46
66-3492579,Van Arsdall,Yóu,avanarsdall8t@seattletimes.com,$2011.55,Protein Expression,$272.37
53-5771967,Joderli,Marie-noël,,$9336.05,AJAX Toolkit,$235.09
07-4362965,Cornfield,Eugénie,jcornfield8v@eepurl.com,$1530.83,Aeroelasticity,$353.88
89-1072829,Veale,Aurélie,jveale8w@businessinsider.com,$5977.33,,$284.51
53-2101638,Trenbey,Östen,jtrenbey8x@1und1.de,$5807.84,,$334.57
84-7839907,Magor,,wmagor8y@vk.com,$4711.45,SSL,$481.45
93-4171596,Ames,Ráo,aames8z@examiner.com,$8821.17,MSN AdCenter,$495.69
30-2016816,Gibson,Maïwenn,agibson90@squidoo.com,$3360.62,,$268.82
48-6875608,Navarro,Lén,,$3871.61,HCP,$398.44
92-8767952,,Mà,mdefrancisci92@irs.gov,$1590.94,AWS CWI,$118.09
37-6547755,Lubbock,Naéva,clubbock93@redcross.org,$8243.76,VB5,$196.51
21-0122740,,Almérinda,bcroughan94@gmpg.org,$7879.31,UltraEdit,$276.57
91-1843476,Baldick,Bérengère,abaldick95@newyorker.com,$9541.11,WFL,$344.69
48-5053251,Paulin,Mélina,hpaulin96@chron.com,$8343.01,Ayurveda,$37.79
56-1607915,Cason,Maïté,,$2214.27,Typing,$147.22
78-1701907,O'Lagene,Personnalisée,solagene98@imgur.com,$4656.83,Molecular Dynamics,$495.41
94-5256032,Endean,Pénélope,,$4154.88,RF Scanners,$127.41
17-0596735,Molineux,Nadège,lmolineux9a@topsy.com,$1402.54,Google Apps,$263.90
14-0383905,Boecke,Mà,lboecke9b@histats.com,$4594.54,GUI development,$82.48
24-6447640,Goodbourn,Tú,cgoodbourn9c@wikipedia.org,$8332.79,TyMetrix,$393.61
81-6258337,Honsch,Laïla,,$6054.08,SSIS,$178.88
96-6080509,Yexley,Anaëlle,hyexley9e@quantcast.com,$8850.24,Lines Of Credit,$183.35
75-8655197,Flowith,Océanne,cflowith9f@google.de,$8172.96,IBM HTTP Server,$221.85
03-8236101,Ibel,Esbjörn,eibel9g@canalblog.com,$9264.72,SCADA,$26.94
79-9431148,Lockhead,Médiamass,,$1814.60,Document Imaging,$356.54
00-4045946,Soaper,Intéressant,dsoaper9i@howstuffworks.com,$7422.76,Rotating Equipment,$473.39
69-5401774,Mosedill,Björn,nmosedill9j@icio.us,$6782.95,Avid,$376.27
15-5089676,Hawthorne,,ehawthorne9k@de.vu,$7131.70,Deep Tissue Massage,$65.57
12-2036882,Kelway,Pò,nkelway9l@amazon.de,$4377.24,,$174.88
51-3782540,Lewsie,Marie-thérèse,clewsie9m@cbslocal.com,$5144.56,VPN,$275.23
03-0968388,,Uò,breiners9n@sourceforge.net,$3868.14,Observational Studies,$38.81
10-9431759,Tithecott,Rébecca,ltithecott9o@oaic.gov.au,$6344.52,,$80.89
75-0832032,Backs,Maëlann,abacks9p@fda.gov,$7786.71,Slip &amp
17-9364142,Annies,,nannies9q@omniture.com,$9689.05,PwC TeamMate,$230.69
85-2234563,Renyard,Léane,arenyard9r@arizona.edu,$4443.85,Keratin Treatment,$74.67
73-2943367,Cassley,Östen,kcassley9s@weather.com,$9323.61,Pipefitting,$72.36
21-2174619,,Maëlann,jmougeot9t@state.tx.us,$5501.00,White Collar Criminal Defense,$452.34
51-4763231,Bendle,Kallisté,rbendle9u@theatlantic.com,$3693.69,Import,$13.10
92-3472783,,Camélia,blazenby9v@sogou.com,$5098.58,jBase,$343.80
97-0807612,Metts,Loïca,bmetts9w@bloglovin.com,$2773.33,Litigation,$35.57
86-6788029,Fearenside,Wá,bfearenside9x@tumblr.com,$1072.54,Agents,$261.25
20-0126626,Smedmoor,,esmedmoor9y@nps.gov,$9538.31,Laboratory Skills,$436.64
19-5234711,Domico,Réjane,,$6831.75,Executive Management,$344.70
54-0974650,Sommerfeld,Rachèle,dsommerfelda0@instagram.com,$2775.76,SQF,$456.99
57-0404632,Dedman,,,$5967.85,DVT,$377.65
51-7443137,Bolden,Eugénie,dboldena2@squarespace.com,$5648.33,Gift Baskets,$209.98
20-0714955,,Styrbjörn,dgilbertsona3@last.fm,$4584.80,MSI,$259.46
83-8412642,Barks,Maëlla,mbarksa4@cdc.gov,$3212.47,UTRAN,$333.72
21-0335656,Scammonden,Maïlys,rscammondena5@stanford.edu,$8251.31,XMLHTTP,$460.83
35-7532092,Tuffey,Maïté,,$3907.74,Security Awareness,$223.24
64-7159726,Vail,Maëlys,evaila7@ucsd.edu,$4339.04,Rural Community Development,$83.94
51-9814933,Baud,Michèle,mbauda8@arizona.edu,$4536.14,Legal Research,$298.29
13-2731560,Johnsey,Bérangère,jjohnseya9@who.int,$4879.81,GVP,$330.97
65-8497034,Readshall,Marie-josée,ereadshallaa@tinypic.com,$4385.26,Hardware Architecture,$371.27
81-7420238,Bucham,Lén,abuchamab@blogger.com,$7666.92,Zooarchaeology,$83.72
71-3074921,Cessford,Östen,ccessfordac@amazon.co.uk,$4965.10,Graphic Illustrations,$345.32
02-4400779,Kores,Bénédicte,akoresad@wp.com,$2135.14,PVST+,$230.42
51-6145296,Gazzard,Maïlis,,$7274.46,Hospitality Industry,$404.43
78-0660704,Skelcher,,lskelcheraf@yahoo.co.jp,$5827.18,JSA,$237.18
68-3972779,Rizzotto,Lèi,krizzottoag@theglobeandmail.com,$5870.22,Olympic Lifting,$292.52
55-5408479,Reinisch,Táng,hreinischah@meetup.com,$2891.77,TFTP,$345.98
67-2151036,Raeburn,Laurène,,$2030.32,Total Cost of Ownership,$389.74
42-0800009,Bernakiewicz,Séréna,,$1525.64,Education,$417.95
24-5095662,Skegg,Pélagie,,$6484.27,Offset Printing,$31.20
15-0885505,Heymann,Maëlys,theymannal@ustream.tv,$4117.19,Business Ethics,$54.02
98-6307789,Leer,Dorothée,,$1418.48,CTD,$198.34
81-3948208,Fidge,Yè,lfidgean@techcrunch.com,$6284.64,Kaizen Leadership,$426.46
60-6641393,Braysher,Björn,mbraysherao@blogs.com,$9963.50,UAT Coordination,$165.65
78-8409718,Zoane,Sélène,czoaneap@pcworld.com,$2478.10,Gift Baskets,$242.52
46-2892519,Roloff,Mà,croloffaq@discuz.net,$7392.58,SRED,$394.06
20-1294507,Divall,,pdivallar@mac.com,$1362.37,Alzheimer&#39
71-4413181,O' Gara,Kù,bogaraas@blogtalkradio.com,$1358.28,HBDI,$145.91
56-7643049,Kleynen,,lkleynenat@dailymotion.com,$9759.73,HTML Help Workshop,$347.32
14-7348059,Tyzack,Torbjörn,etyzackau@disqus.com,$6590.10,Union Avoidance,$111.94
30-1442928,Lesmonde,Maï,blesmondeav@webs.com,$2124.35,Qt,$143.57
76-6346897,,Gisèle,lsambidgeaw@home.pl,$5943.24,IPO,$260.63
00-5974277,Winson,,mwinsonax@wired.com,$7644.41,PFD,$225.47
68-2530552,,Publicité,jchellenhamay@tuttocitta.it,$1651.88,Oxy-acetylene,$88.70
70-6343446,Nestle,Josée,xnestleaz@guardian.co.uk,$8762.05,MPBGP,$398.98
74-0796627,,Tú,dleafb0@examiner.com,$2347.38,Mergers &amp
76-4724139,Hargrave,,,$5636.98,HFC,$252.13
45-9255194,Lattimer,Lorène,blattimerb2@mlb.com,$2647.28,Focus Groups,$321.04
09-4221394,Secker,Chloé,dseckerb3@odnoklassniki.ru,$2789.70,International Real Estate,$96.66
35-2806344,Sheach,Wá,,$5609.35,Mental Health,$404.27
97-7629779,Barta,Maéna,abartab5@live.com,$3414.19,Systems Design,$360.15
90-2907942,Mandy,Maëlys,kmandyb6@businessweek.com,$4069.17,Skin Care Products,$359.81
96-6372742,Putman,,iputmanb7@loc.gov,$9003.26,RSA SecurID,$53.58
05-1792043,Yantsurev,Dorothée,,$9109.04,Utilities,$66.30
84-9307117,Floyed,Kuí,cfloyedb9@godaddy.com,$7614.46,Mineral Exploration,$165.85
38-5676164,Nathon,Cléopatre,tnathonba@irs.gov,$6969.40,Customer Insight,$20.07
26-2914071,Sewards,Clémentine,,$9192.79,QuarkXPress,$274.09
58-4788158,MacMenamin,Görel,hmacmenaminbc@hubpages.com,$6655.12,Tiles,$148.68
06-5909793,,Faîtes,,$8378.23,CMMI Level 5,$243.70
17-0951523,Ludron,Océane,cludronbe@eepurl.com,$8117.87,Hand Knitting,$338.67
91-0792400,Kerslake,Anaëlle,dkerslakebf@bigcartel.com,$2462.06,Financial Planning,$322.78
44-3776810,Newburn,Kallisté,anewburnbg@wired.com,$8898.42,Lean Manufacturing,$373.84
57-4820873,Fairbrother,Dà,kfairbrotherbh@plala.or.jp,$6324.37,,$351.97
72-5852349,Swanston,,,$7799.70,AC/DC,$299.09
72-3794206,,Amélie,coferbj@nsw.gov.au,$4867.77,MRP,$365.63
66-1456519,Yesenin,,,$5279.24,Mentoring,$61.14
25-8497949,Matthieson,Andréa,,$1341.75,,$322.00
00-9728881,Van Bruggen,Agnès,evanbruggenbm@mozilla.org,$6426.47,Client Services,$168.01
16-8950685,Jewis,Loïs,tjewisbn@fema.gov,$9820.78,Historical Research,$425.75
55-6686942,Leheude,Anaïs,cleheudebo@reverbnation.com,$4840.27,Business Strategy,$190.84
93-2637236,Poyzer,,kpoyzerbp@dmoz.org,$8927.75,Knowledge Management,$13.95
17-6503292,Lindsell,Eléonore,mlindsellbq@nydailynews.com,$1298.90,FTTP,$328.16
42-0818367,Connew,Nadège,bconnewbr@yandex.ru,$5565.60,ePolicy Orchestrator,$476.66
80-2497978,Ambrosio,Léandre,cambrosiobs@theguardian.com,$2671.02,Khalix,$258.27
54-9233307,Nouch,Tú,dnouchbt@behance.net,$4913.79,Youth Marketing,$171.96
80-0349018,Lawes,Léonie,glawesbu@vinaora.com,$3830.49,FxCop,$121.03
16-0941615,,Maëlle,bsiggebv@com.com,$2930.75,21 CFR Part 11,$30.94
54-3580980,,Océane,vcattersonbw@liveinternet.ru,$8843.08,UI Automation,$110.80
18-2971055,,Océanne,leppersonbx@sfgate.com,$1826.75,Experion PKS,$311.56
01-8974719,Gilding,Marylène,fgildingby@businesswire.com,$5817.86,Youth Ministry,$309.97
44-1903893,Godsafe,,bgodsafebz@posterous.com,$4294.76,Client Aquisition,$258.50
57-1748957,,Mélodie,,$3840.54,Hospitals,$372.54
92-4257737,Trevain,Geneviève,,$6728.67,IBM Certified,$196.43
67-7159892,Silwood,Béatrice,rsilwoodc2@adobe.com,$6472.44,RSVP-TE,$208.41
11-3626632,Buggs,Noémie,abuggsc3@whitehouse.gov,$5117.79,Akamai,$384.56
38-7580209,Marshall,Zoé,,$6078.57,Drug Development,$333.79
75-1231253,Kubek,Adélaïde,pkubekc5@nytimes.com,$7031.17,HSRP,$67.90
45-6426012,Bending,Hélèna,,$4487.85,,$62.63
95-1561487,Stoaks,Sòng,sstoaksc7@epa.gov,$9805.73,Roofers,$55.71
65-1085807,,Mélanie,cwhatsonc8@123-reg.co.uk,$4290.28,cDNA,$497.68
75-3722392,Frizzell,,gfrizzellc9@facebook.com,$1033.44,FDDI,$144.72
37-1543021,Guy,Lorène,nguyca@techcrunch.com,$1684.40,Environmental Impact Assessment,$109.73
80-5930683,Preskett,Kuí,mpreskettcb@scribd.com,$6785.49,Estate Planning,$135.34
99-3352672,Raphael,Dà,rraphaelcc@goo.ne.jp,$2540.15,RDCS,$155.06
35-1235291,Megarry,,jmegarrycd@bbb.org,$6484.96,Yellow Pages,$287.90
87-3601114,Brandassi,Océane,,$1983.52,Epic Systems,$117.55
62-8737355,Hubery,,rhuberycf@soup.io,$9918.95,iHistorian,$160.34
49-2043696,Loram,Andréanne,,$8054.41,Portrait Photography,$33.24
59-8528933,Neve,Yè,mnevech@theguardian.com,$4106.53,,$52.89
05-1147172,,Maëlys,btonkinci@google.ru,$9183.51,Fire Alarm,$76.39
39-1597160,Kwietek,,rkwietekcj@mlb.com,$3716.31,Customer Engagement,$116.52
81-8766684,Ghelardi,Bénédicte,wghelardick@examiner.com,$6891.82,Art,$373.83
32-0315982,Pocknell,Océanne,ppocknellcl@google.com.au,$7008.36,Omnibus,$104.59
32-7181138,Knappe,,cknappecm@marriott.com,$2796.24,JVC,$183.89
09-6516709,Molian,Géraldine,,$7197.26,Crisis Management,$382.95
15-2784492,,Kù,tforsterco@jiathis.com,$7110.09,HP Blade,$89.71
70-7250765,Pottberry,Göran,gpottberrycp@psu.edu,$2590.90,,$83.26
21-5048927,Udey,Lài,sudeycq@hud.gov,$3120.70,Hyper-V,$149.68
54-9958973,Grigoriscu,Cécile,,$9090.05,Residential Homes,$182.09
30-5213369,Gibbens,Faîtes,,$6140.03,MMS,$276.68
12-9371312,McArtan,Méline,,$3422.89,,$248.65
59-8310336,Tripcony,Bérengère,mtripconycu@clickbank.net,$7757.88,Zemax,$95.41
54-1065517,,Märta,tconnockcv@wikispaces.com,$7807.84,Clarity FSR,$403.28
54-2701953,Bottoms,Célia,jbottomscw@pcworld.com,$6184.94,SAP EWM,$419.16
29-7095650,Jowle,,ajowlecx@irs.gov,$4418.32,DMAIC,$101.61
96-4354443,Yeulet,Bénédicte,,$9628.26,TFTP,$476.37
90-1176195,Whittlesee,Annotée,swhittleseecz@google.co.uk,$8376.08,Crossbeam XOS,$18.61
70-3495736,Lamberto,Andrée,elambertod0@elegantthemes.com,$5070.92,Beauty Industry,$68.69
11-9035540,Trusslove,Françoise,etrussloved1@ameblo.jp,$6283.52,Wedding Photography,$455.10
24-9426376,,Maëline,cgabbetisd2@prnewswire.com,$6025.99,Pre-opening,$327.91
00-3765207,Southcott,Maëlann,,$8186.00,PMC,$457.29
92-4232344,Layne,,blayned4@utexas.edu,$4047.47,ArcGIS,$84.33
35-7840196,Gambie,Gisèle,tgambied5@pcworld.com,$1997.46,MQX,$246.05
19-0604644,Pittson,Styrbjörn,lpittsond6@cnet.com,$2962.83,TDI,$435.40
73-6989892,Fleckness,Léonie,jflecknessd7@un.org,$3224.56,,$425.02
16-6604571,Steuhlmeyer,Estève,vsteuhlmeyerd8@umn.edu,$4022.33,EBIT,$297.87
04-0951814,Frondt,Åslög,mfrondtd9@storify.com,$3413.67,WWII,$282.63
87-8968460,Littlejohn,Céline,alittlejohnda@wordpress.org,$1361.44,PCP,$409.72
94-2431232,Augur,Naëlle,,$4275.55,UEFI,$364.98
57-9952299,Iacofo,Annotés,kiacofodc@nsw.gov.au,$6062.64,Warehousing,$354.13
31-8624880,Messham,,kmesshamdd@livejournal.com,$2472.09,,$462.92
25-3680496,Senogles,Pål,bsenoglesde@photobucket.com,$4149.27,LVM,$14.92
13-7663626,Malinson,Pénélope,jmalinsondf@economist.com,$9363.40,GPS,$265.89
90-7572759,Duxfield,Zhì,bduxfielddg@vistaprint.com,$8899.07,Pitching Ideas,$330.02
67-7919906,Pearlman,Médiamass,cpearlmandh@simplemachines.org,$5513.26,Flame AA,$40.94
47-2850958,,Josée,,$2502.90,DoD,$357.72
81-6742060,Sheward,Aloïs,lshewarddj@mysql.com,$9969.43,Experion PKS,$336.60
65-3689606,Valentelli,Maïlis,nvalentellidk@sourceforge.net,$1190.15,Piping,$155.91
26-4537086,Ingliby,Illustrée,ainglibydl@vkontakte.ru,$3993.68,Employee Handbooks,$321.81
78-1990751,Ollin,Rachèle,bollindm@phpbb.com,$5414.04,Online Travel,$363.70
38-5458934,Hazart,Félicie,dhazartdn@com.com,$4590.19,Aqualogic,$309.36
59-9194042,Tulleth,Björn,mtullethdo@bing.com,$1108.94,GSM,$431.83
54-3548405,Belz,Léandre,,$1512.26,DNA Extraction,$237.03
47-2793004,Sarjeant,Céline,hsarjeantdq@umn.edu,$6087.24,PMO Services,$378.08
59-1202136,Locke,Danièle,,$9405.77,ArcGIS,$273.45
54-4807639,Woolerton,Maïté,,$3422.05,.NET,$106.44
34-5292239,Osbidston,Mélinda,dosbidstondt@paypal.com,$6620.11,Location Intelligence,$11.91
09-6252110,Cleynman,Ráo,ccleynmandu@behance.net,$5452.22,,$391.87
35-6255542,Aucott,Maïlis,baucottdv@un.org,$7767.06,OEMs,$71.08
26-7004550,Peachman,Mélodie,tpeachmandw@facebook.com,$4971.29,Directing Others,$37.66
84-3451916,MacQuarrie,Véronique,fmacquarriedx@toplist.cz,$1384.81,XACT,$477.37
71-4295048,McBryde,Personnalisée,cmcbrydedy@myspace.com,$1293.41,LTD,$391.92
94-4626070,Fellibrand,Anaé,dfellibranddz@omniture.com,$5265.18,IR Spectroscopy,$490.23
08-2362001,Soles,Agnès,csolese0@shutterfly.com,$9250.99,WDM,$125.47
97-9584852,Harken,,charkene1@mac.com,$5394.34,,$342.48
66-4433090,Gallegos,Judicaël,agallegose2@squidoo.com,$6147.88,LLC,$252.06
87-8159067,Macilhench,Cunégonde,,$4089.08,,$178.36
15-3655890,Gresser,,,$1852.63,IPS,$498.05
67-5686242,Hearnes,Hélène,dhearnese5@nydailynews.com,$5162.95,Critical Illness,$470.03
55-9207883,Maciaszek,Pélagie,,$7966.45,HDS,$350.39
18-3037188,Wearden,Cinéma,lweardene7@kickstarter.com,$6618.36,,$431.29
52-4368352,Colbert,Aloïs,,$1256.35,Digital Marketing,$66.56
19-1229393,North,,cnorthe9@etsy.com,$4386.69,SAP Business ByDesign,$266.18
03-8629172,Testo,Judicaël,atestoea@skyrock.com,$3290.46,,$53.26
57-3868161,,Dà,gstainbridgeeb@nifty.com,$6418.20,Traditional IRA,$145.30
23-7599550,Eslinger,Almérinda,aeslingerec@oaic.gov.au,$6737.34,Zend Studio,$326.66
48-4788237,,Séréna,mcutforthed@google.cn,$9460.29,Chemical Engineering,$161.37
79-0878904,Mitcheson,Pélagie,kmitchesonee@globo.com,$9150.51,Traditional IRA,$461.57
04-3685685,,Simplifiés,nmcfetrichef@devhub.com,$4208.45,Helicopters,$132.15
82-6922970,Hanrott,Océanne,nhanrotteg@ed.gov,$7014.60,Coaching,$359.45
71-4005837,Sabates,Léone,bsabateseh@cdbaby.com,$3882.73,EZ Labor,$262.14
00-6798627,Frentz,,pfrentzei@soup.io,$1837.06,VDI,$280.09
90-0179387,Heard,,,$9482.95,GIS,$72.86
29-5657958,,Almérinda,btranfieldek@indiegogo.com,$5629.50,JDOM,$229.95
78-5709874,Marval,Maëline,,$3497.08,,$244.47
24-5116711,Woodcraft,Vénus,owoodcraftem@unicef.org,$8802.26,Oracle BPEL,$336.34
62-6725207,Bradshaw,Estée,rbradshawen@foxnews.com,$3259.03,CPLEX,$110.15
63-4814543,Peedell,Mégane,,$5137.68,Lustre,$403.88
10-0419288,Bendan,Ruò,fbendanep@desdev.cn,$9310.99,Emergency Room,$65.64
80-6377721,,Dafnée,bkieranseq@123-reg.co.uk,$3003.67,HLR,$171.67
34-3564136,Brettell,Séréna,pbretteller@theglobeandmail.com,$6390.32,Custom CMS Development,$374.88
06-9085508,Cadwell,Gaëlle,,$2754.73,Oozie,$455.35
94-4172600,Breton,,pbretonet@yahoo.com,$9893.31,RCS Master Control,$57.06
53-8051594,Louiset,Magdalène,hlouiseteu@fc2.com,$9990.20,Operational Planning,$461.63
71-2020484,Carradice,Björn,qcarradiceev@printfriendly.com,$4911.93,NVivo,$83.01
29-1647634,MacCracken,Régine,amaccrackenew@oracle.com,$1739.53,,$234.88
72-5120445,Vigours,Estève,dvigoursex@php.net,$2821.09,AOG,$199.45
27-8595521,Dugan,Maïly,eduganey@liveinternet.ru,$2838.19,Light Rail,$109.00
32-7059702,Pilkinton,,bpilkintonez@yandex.ru,$4444.95,QRM,$463.32
63-2526853,Dubbin,Fèi,cdubbinf0@opera.com,$8726.87,Front Office,$478.25
96-5823348,Honnan,Liè,lhonnanf1@angelfire.com,$3087.49,MDT,$284.85
10-9858810,Ransome,Méthode,,$3551.77,Zillow,$368.55
87-6487069,Brunetti,Adélie,,$4135.86,IAR Embedded Workbench,$405.20
70-9387499,Aiston,Médiamass,daistonf4@woothemes.com,$9863.77,HDI Support Center Analyst,$32.16
18-4461450,Burkert,Uò,gburkertf5@jugem.jp,$2873.92,iOS Design,$165.30
98-4575100,Boards,Noëlla,bboardsf6@cisco.com,$3204.14,Multi-color Flow Cytometry,$476.37
63-8393352,Lakey,Solène,alakeyf7@51.la,$3972.39,Newspapers,$389.40
51-6307845,De la Perrelle,Océane,rdelaperrellef8@printfriendly.com,$3395.33,Nutritional Counseling,$49.12
37-3159252,Hubery,,ahuberyf9@china.com.cn,$2760.87,CBORD,$119.46
69-7111108,Belmont,Andréa,dbelmontfa@cmu.edu,$8110.82,pfSense,$170.48
07-8461535,,Kuí,,$7591.93,Aqualogic,$152.37
26-2177493,Murrells,Yénora,amurrellsfc@webs.com,$4133.70,Oracle ERP,$412.34
09-8862589,Gonnely,Amélie,cgonnelyfd@whitehouse.gov,$2042.05,DQL,$10.69
95-2411098,Sorby,Irène,csorbyfe@amazonaws.com,$8036.93,Product Life Cycle,$305.52
35-6545870,,Mårten,rhaycoxff@skype.com,$2724.62,Cycling,$151.13
90-7332966,Stitt,Lauréna,fstittfg@canalblog.com,$3491.22,ArcGIS,$242.15
99-6276664,De Nisco,,mdeniscofh@blogs.com,$7383.97,EU Competition Law,$109.72
67-7542040,Hirsch,Kù,ahirschfi@spotify.com,$3459.18,Ruby on Rails,$432.27
02-1672438,Orgen,Miléna,eorgenfj@nsw.gov.au,$3466.89,,$366.99
84-3440121,Moakes,Léonie,gmoakesfk@google.com.au,$2019.37,Omega,$350.81
98-1331064,Aaronsohn,Nélie,maaronsohnfl@vkontakte.ru,$3547.13,Organizational Design,$407.42
35-1301874,,Océanne,ywalthofm@cbslocal.com,$8963.22,GDAL,$420.85
63-9293582,Guillou,Léonie,kguilloufn@360.cn,$7563.29,Occupational Health Nursing,$206.72
20-5230039,Rupke,Vérane,arupkefo@rakuten.co.jp,$1113.49,Sales Presentations,$346.45
04-3138349,Wardrop,,bwardropfp@icq.com,$5450.99,Commercial Photography,$368.92
25-8570194,Biaggelli,Marie-ève,mbiaggellifq@cbc.ca,$1649.01,GFI,$285.28
12-0843266,Greatbatch,Åke,fgreatbatchfr@yellowbook.com,$3614.72,InDesign,$432.40
44-0081597,,,ldikfs@booking.com,$6203.05,Myofascial,$349.57
27-3503248,Janman,Maïly,cjanmanft@nationalgeographic.com,$6370.06,Foreign Policy,$42.76
77-6524847,Dolder,Inès,,$4783.55,PPV,$408.54
70-1362506,Gentery,,ogenteryfv@cafepress.com,$3656.91,21 CFR,$311.13
52-9426155,Laurenceau,Céline,blaurenceaufw@springer.com,$9230.06,IBM XIV,$403.49
01-4065198,Torrese,Irène,atorresefx@illinois.edu,$5322.36,CPL,$197.45
60-8821110,Jouning,Mylène,,$8582.21,Small Business Development,$458.71
52-9082310,Daldan,Angèle,,$5853.82,Ektron,$231.22
27-4993943,Guidone,Clélia,,$4196.35,Overseas Production,$142.75
47-6226129,Burrage,Åslög,,$1677.56,Jewish History,$146.48
63-2145937,Crudge,Mélanie,ccrudgeg2@huffingtonpost.com,$6817.09,iPad Development,$416.85
53-7205797,de Verson,Desirée,,$5534.91,,$299.77
13-1966898,McCombe,Cécile,rmccombeg4@e-recht24.de,$9795.69,Onboarding,$454.97
60-8580566,Dalman,Salomé,adalmang5@de.vu,$4198.81,Pro-IV,$428.83
48-6523832,Finlaison,Laurène,mfinlaisong6@edublogs.org,$3691.51,VSA,$431.57
96-9252091,Lethlay,Estève,clethlayg7@google.co.jp,$4228.58,IVR,$344.71
38-0084216,Danielsky,Agnès,cdanielskyg8@photobucket.com,$8923.36,Customer Relations,$395.39
31-6047715,Matteo,Aloïs,ematteog9@bbc.co.uk,$7222.60,Russian,$494.50
22-1293697,Eykelbosch,Cléopatre,geykelboschga@vimeo.com,$9868.23,Tally ERP,$97.40
39-1951867,Coombe,Véronique,acoombegb@tinyurl.com,$1150.72,Lyris ListManager,$298.56
81-8012620,,Cunégonde,mfirmagegc@homestead.com,$7467.82,Whisky,$264.24
17-6778771,Jessel,Réservés,cjesselgd@nih.gov,$7333.01,Nslookup,$183.14
64-2616308,,Yú,bcavenge@aol.com,$2886.63,ISDN,$380.07
53-9085216,Alldread,Aurélie,balldreadgf@businesswire.com,$2469.18,Game Design,$123.61
47-0692207,,Dù,adoileygg@oracle.com,$2526.47,Aviation Security,$232.06
65-5725634,,André,ltothacotgh@wiley.com,$4235.83,US Tax,$175.71
23-3323070,McCritichie,Kallisté,tmccritichiegi@multiply.com,$2134.61,Sales Management,$339.38
38-4457612,Demogeot,Noëlla,hdemogeotgj@acquirethisname.com,$3574.35,Internal Audit,$427.43
10-7498315,Onge,Camélia,,$3837.58,Outdoor Education,$72.31
40-7877501,Schruyers,Thérèse,gschruyersgl@meetup.com,$4756.94,,$358.28
63-7447991,Dumigan,Marie-ève,wdumigangm@homestead.com,$9337.15,Simulations,$175.40
09-9113878,Vlasyuk,Méghane,rvlasyukgn@guardian.co.uk,$5944.98,MSP Practitioner,$127.22
35-9163742,Rivitt,Séverine,irivittgo@adobe.com,$2098.48,Zines,$202.03
06-0633259,Hartington,Maï,ghartingtongp@foxnews.com,$9764.24,eBanking,$129.52
11-9431454,,Garçon,pkellickgq@skype.com,$8846.70,VDSL,$491.18
33-6900981,Spridgen,Maï,cspridgengr@w3.org,$5674.85,WS-Federation,$63.57
60-5576300,Aldin,Lucrèce,zaldings@nydailynews.com,$7524.29,,$61.42
07-7872895,Willshere,Léana,pwillsheregt@deviantart.com,$6528.61,Secure FTP,$380.66
53-0547412,Dict,Mélina,,$7670.02,NX-OS,$341.50
29-0603369,O'Dennehy,Maëly,bodennehygv@storify.com,$5905.90,JTA,$334.32
38-0481680,,Béatrice,,$9177.47,IWR,$256.66
85-2209107,Asipenko,Lài,,$7420.47,Zainet,$134.01
74-9479469,,Tú,cgriffittsgy@pagesperso-orange.fr,$6360.56,MDSD,$316.47
14-8096047,,Estève,,$1968.30,Russian,$183.98
01-6365463,,Lorène,rrangeleyh0@nyu.edu,$6074.32,MWS,$309.43
24-7657813,Caldero,Béatrice,,$9266.73,IFE,$38.53
99-7905740,Lindfors,Laurélie,alindforsh2@icio.us,$8714.48,RTK,$473.63
93-1233979,Manuello,Loïca,,$4366.87,NMock,$211.34
53-4108820,Peaurt,Esbjörn,mpeaurth4@paginegialle.it,$4141.66,Hardware Diagnostics,$345.37
20-7008625,Jefford,Stéphanie,ljeffordh5@github.com,$7757.76,Mycology,$324.60
44-3956241,McAless,Faîtes,tmcalessh6@google.com.au,$9852.42,JMF,$107.63
75-0701225,Tigwell,Kallisté,ctigwellh7@w3.org,$5708.62,AutoCAD Architecture,$482.57
11-1369729,,Mélodie,mrablh8@shareasale.com,$3187.54,XLSTAT,$175.22
68-8793508,Showl,,tshowlh9@cornell.edu,$8524.88,NVQs,$293.11
55-0006839,,Uò,,$5006.49,ESRI,$171.93
63-3308317,Louth,,dlouthhb@ask.com,$2399.85,LDAP Administration,$481.38
11-6437939,Handsheart,Bénédicte,nhandshearthc@wikispaces.com,$6921.21,Residential Homes,$227.22
80-0322644,Kinzel,Laïla,jkinzelhd@blogspot.com,$9213.36,NRP Instruction,$104.41
79-2471784,,Géraldine,mcolafatehe@networkadvertising.org,$4061.99,FQHC,$38.80
30-8127404,Drewery,Wá,cdreweryhf@wikimedia.org,$5730.80,SWAT,$344.77
15-1812412,Preator,Cinéma,mpreatorhg@php.net,$1826.18,CDL,$339.59
63-4538958,Tomashov,Örjan,rtomashovhh@live.com,$3428.13,HD Camera Operation,$416.11
97-2246221,Hakey,Dà,,$2309.73,Switchboard Operator,$230.44
94-9952547,Awton,Mélia,kawtonhj@mit.edu,$9890.79,Slate,$496.02
51-3538962,Bonnett,Kévina,nbonnetthk@devhub.com,$3163.12,Localization,$120.17
55-2745653,Yakob,,yyakobhl@arstechnica.com,$4134.51,Therapeutic Areas,$463.54
29-2440601,Sumpton,Bérénice,csumptonhm@umn.edu,$5174.26,,$294.90
61-9615874,Defont,Nadège,,$9651.93,LCD TV,$84.07
76-0673852,Prayer,Lài,nprayerho@etsy.com,$3343.68,EOI,$126.71
81-9810141,Farrens,Andrée,afarrenshp@wunderground.com,$7564.30,CG Lighting,$373.84
28-6033711,Hucke,Zhì,,$5970.62,Youth Programs,$253.12
31-7722677,Woolner,Bérangère,ewoolnerhr@fotki.com,$5138.16,KWI,$244.73
94-5191353,Pybworth,Célestine,bpybworthhs@hubpages.com,$8640.48,Young People,$142.65
36-0406155,Dahlberg,Mélanie,ndahlberght@hp.com,$4340.29,Escrow,$11.24
08-7111539,Heaney,Maïwenn,,$5201.55,QPSK,$94.78
11-4639098,McIlory,Adélaïde,bmciloryhv@plala.or.jp,$3751.05,Yacht Deliveries,$10.55
00-1448725,,,,$2063.01,Telecom BSS,$361.59
78-5983522,,Gösta,rgarceshx@tripod.com,$3640.09,Kitchen Remodeling,$250.73
40-7432702,Sidlow,Céline,jsidlowhy@cpanel.net,$3865.19,VRF,$176.40
23-4602373,Gosker,Lauréna,fgoskerhz@seesaa.net,$4257.48,Software Testing Life Cycle,$451.65
48-8527033,Weavill,Méghane,kweavilli0@about.me,$6076.90,WCF,$190.26
22-8819897,Downer,Anaël,ddowneri1@tmall.com,$5275.92,Earth Science,$491.68
40-7641425,Hardstaff,Anaëlle,mhardstaffi2@goodreads.com,$6288.93,American Politics,$98.79
11-7442355,,Gisèle,pboecki3@tamu.edu,$6665.03,OLA,$465.64
03-1993763,De Goey,Åslög,ddegoeyi4@wikipedia.org,$2277.61,R&amp
24-2231832,Yuryev,Björn,lyuryevi5@bloglines.com,$6275.38,APO SNP,$323.06
19-3490504,MacColl,Lèi,mmaccolli6@barnesandnoble.com,$7767.14,Marketing,$199.69
01-8887908,Noirel,,knoireli7@seattletimes.com,$4291.42,VSS,$485.71
20-0472757,Baldi,Yáo,abaldii8@baidu.com,$1483.69,Music Videos,$278.08
43-1540128,Thaine,Laurène,nthainei9@barnesandnoble.com,$4553.38,Affirmative Action,$495.65
12-1423108,Renault,,,$1614.04,Poka Yoke,$158.01
41-1336738,Maxsted,Gaïa,tmaxstedib@google.co.jp,$1013.93,Ocean Transportation,$66.88
62-8036676,,Mélia,reinchcombeic@hatena.ne.jp,$3660.02,Switches,$227.96
32-9285194,Wehden,Vénus,gwehdenid@zimbio.com,$1001.66,Segregation of Duties,$408.27
21-2041615,Allsepp,Daphnée,dallseppie@china.com.cn,$2968.37,GSA Schedule,$358.19
32-9585541,Hemphill,Aloïs,lhemphillif@technorati.com,$6052.30,Software Design,$488.97
41-0030817,O'Ferris,Kallisté,coferrisig@webmd.com,$5563.12,Policy Writing,$447.75
18-7409996,Aumerle,Maïwenn,maumerleih@thetimes.co.uk,$5294.91,FBO,$220.11
43-8891057,Ortiger,Béatrice,,$1580.85,Switching,$403.58
08-7658997,Fullicks,Cunégonde,lfullicksij@japanpost.jp,$3422.51,Retail,$106.62
41-4465579,Caltun,Mahélie,gcaltunik@soup.io,$6573.72,Events Organisation,$434.25
86-8624843,,,rlessmareil@rediff.com,$3299.98,Sony Vegas,$374.72
67-0423556,Nardrup,,mnardrupim@abc.net.au,$8055.88,Working Abroad,$223.61
52-0629098,Scadding,Ruò,gscaddingin@cpanel.net,$9094.52,Jet Ski,$92.68
56-1902020,Mullis,Håkan,,$3388.12,Published Author,$38.94
95-0558821,,Méryl,dlakeyip@upenn.edu,$7045.03,Transitional Justice,$484.38
98-2541198,,Tán,lellandiq@yelp.com,$2017.95,Light Rail,$58.67
85-9337895,,Magdalène,,$6502.67,Audio Typing,$277.60
75-5566446,,Cléa,bfavelais@dedecms.com,$7639.37,Emergency Management,$242.00
80-7781843,Holbie,Annotés,jholbieit@yahoo.co.jp,$5282.00,Microsoft Certified Professional,$91.90
79-6767237,Chipps,Anaël,pchippsiu@tiny.cc,$7125.76,JTAPI,$78.61
16-3373368,Franklyn,Estée,dfranklyniv@bloomberg.com,$4769.98,ICP-MS,$220.70
06-5466833,,Yáo,kmcgourtyiw@quantcast.com,$8918.03,,$403.02
97-3228920,Balme,Adèle,bbalmeix@slideshare.net,$4193.67,Higher Education Administration,$367.06
17-3495780,Peyntue,Edmée,speyntueiy@yahoo.com,$9296.80,Animal Nutrition,$304.36
41-6855386,Beddow,Marie-hélène,cbeddowiz@sitemeter.com,$7979.23,BDD,$120.43
82-2006083,Been,Chloé,bbeenj0@ibm.com,$7446.82,WTX,$109.27
67-3455272,Tomasini,Judicaël,mtomasinij1@geocities.com,$7110.40,JTA,$356.04
25-4805805,Elms,Gisèle,eelmsj2@ycombinator.com,$8659.41,Copy Typing,$159.61
51-1350425,Erb,Kù,berbj3@wordpress.com,$9859.21,Emergency Services,$78.26
70-2348714,,Dà,hdimondj4@addtoany.com,$9304.91,Gnome,$393.27
90-6470517,,Östen,zgutridgej5@biglobe.ne.jp,$7755.39,Experion PKS,$179.75
68-6813033,Crecy,Andréanne,,$4320.22,InDesign,$388.48
01-4907664,Sebley,,csebleyj7@hao123.com,$4490.89,Public Affairs,$388.92
14-6936718,Sarfatti,Méng,asarfattij8@house.gov,$4521.17,Iron,$400.35
81-3801766,Baiss,Mårten,mbaissj9@bloglovin.com,$4209.11,DFU,$461.82
08-8937708,Legat,Simplifiés,,$5023.35,Assessment Center,$109.12
60-8330931,Demko,Josée,ddemkojb@paypal.com,$8820.18,Literacy,$162.44
46-9956036,Judson,Mélissandre,ljudsonjc@kickstarter.com,$3750.10,Payroll Taxes,$434.25
25-7832027,Seery,Miléna,tseeryjd@people.com.cn,$8148.90,Jet Fuel,$13.56
69-6496402,,Åke,mfaslerje@illinois.edu,$4084.71,ILT,$92.09
21-7628462,Stuther,Laïla,cstutherjf@bandcamp.com,$7466.31,Ethical Decision Making,$433.49
13-9845642,Salvadore,Pò,tsalvadorejg@marriott.com,$7508.85,JConsole,$23.13
73-0071782,Thick,Mélanie,,$8702.94,Elder Care,$360.82
84-7688318,Stredder,Gaïa,jstredderji@linkedin.com,$1570.13,HR Software,$119.41
82-0441113,,Dà,adwanejj@pcworld.com,$4694.25,Xplan,$118.24
08-6974443,Woolliams,Cléopatre,jwoolliamsjk@canalblog.com,$7250.27,,$451.13
88-9446031,Tonkes,Marlène,dtonkesjl@instagram.com,$5730.42,ITIL v3 Foundations Certified,$299.36
19-2120735,,Béatrice,,$2389.45,VNA,$430.82
67-3950130,Shenton,Desirée,fshentonjn@twitter.com,$9385.35,Documentaries,$282.36
25-3338216,Pavelin,Valérie,lpavelinjo@yahoo.com,$4567.58,Supply Chain Optimization,$297.49
01-6170114,Millam,,cmillamjp@springer.com,$3867.30,DVD Architect,$135.93
68-3946290,Orgee,Clémence,porgeejq@bizjournals.com,$5723.05,Hedge Funds,$295.91
52-6623249,,Zoé,brisebrowjr@scientificamerican.com,$7242.97,Blackberry Enterprise Server,$438.66
37-1723993,Dunston,Hélène,,$4694.66,Veterinary,$149.80
32-2096489,Skeermor,Yóu,hskeermorjt@topsy.com,$4059.32,Earned Value Management,$403.79
48-4597263,Trebilcock,,htrebilcockju@storify.com,$3038.33,Executive Protection,$409.25
14-6325248,Ebben,Léane,webbenjv@cnbc.com,$1907.29,Google Analytics,$187.45
54-4095085,Ellsbury,Inès,,$9519.22,Physicians,$328.01
12-0496069,Koch,Mélina,tkochjx@mediafire.com,$2711.19,,$232.32
24-1939364,Fotitt,,pfotittjy@paginegialle.it,$4175.75,Yoga,$415.22
88-0294274,Heyburn,Marylène,gheyburnjz@google.com.br,$2863.74,SharePoint Designer,$206.62
94-1819375,Kless,Amélie,zklessk0@symantec.com,$9459.91,,$48.57
44-0897958,Linzee,Naéva,,$9049.74,Food Industry,$122.32
44-4112143,Bosher,Jú,mbosherk2@prnewswire.com,$8030.71,Area Rugs,$83.25
08-1372465,Jozsef,Tú,ajozsefk3@cbsnews.com,$3415.75,DDD,$279.53
41-2686797,Layfield,Andrée,,$4747.77,QKA,$428.01
05-9348457,Glaysher,,pglaysherk5@usgs.gov,$5595.19,Machine Knitting,$398.73
44-0564222,Macieja,Dafnée,nmaciejak6@w3.org,$6521.14,OGC Gateway Reviews,$112.88
12-5595240,,Méghane,rgilluleyk7@ustream.tv,$5281.32,Customer Support,$101.08
99-7624380,,Valérie,prottcherk8@photobucket.com,$9606.28,NLB,$312.60
03-5288367,Abramsky,Hélène,jabramskyk9@telegraph.co.uk,$8896.80,Architecture,$291.39
53-9924690,Serle,Maëline,cserleka@salon.com,$9131.11,Bootstrap,$478.19
63-9872941,Franzman,Bécassine,bfranzmankb@who.int,$5232.13,MBS,$156.41
33-7318175,Neilson,Méryl,sneilsonkc@ustream.tv,$6304.54,Tubing,$453.44
27-2016352,Eskrigge,Personnalisée,ceskriggekd@dailymail.co.uk,$3401.56,RED MX,$293.67
54-0537361,Varah,Sòng,hvarahke@redcross.org,$5500.79,RFID+,$339.28
06-7777566,Jakubovits,Noëlla,rjakubovitskf@hud.gov,$8104.17,Banners,$468.75
58-2315203,Prahl,Björn,dprahlkg@house.gov,$9420.02,JP54,$357.14
36-5742772,Combe,Léonie,ccombekh@i2i.jp,$4237.38,Objection Handling,$496.80
60-5189632,Northin,Béatrice,anorthinki@sakura.ne.jp,$4733.34,Boilers,$376.91
82-9004141,,Yè,wmackerethkj@statcounter.com,$2816.00,,$446.19
09-8613215,Wigsell,Garçon,awigsellkk@cafepress.com,$1660.74,Hardware Architecture,$50.56
56-3872781,Mingauld,Marlène,amingauldkl@imdb.com,$3830.68,Intergovernmental Affairs,$88.45
08-6377698,Gensavage,Crééz,bgensavagekm@jigsy.com,$9807.53,Www,$27.84
91-6794662,Wrates,Réjane,,$8782.31,Jin Shin Jyutsu,$389.18
98-6539937,Thurlbourne,Gérald,,$3965.59,BSCI,$92.48
67-0481623,Sprey,Céline,,$3660.98,Omnet++,$332.72
18-1386476,,Camélia,,$1060.63,Business Objects,$498.58
79-0679407,,Séverine,mmeekingskr@flavors.me,$9761.23,Customer Service,$232.47
62-8584399,Bradnam,Marlène,,$2386.10,LDPC,$265.42
60-3894558,Joanic,Joséphine,ljoanickt@cafepress.com,$8212.01,,$488.99
05-5051106,,Cinéma,gmashamku@theguardian.com,$6372.45,BTL Activations,$349.96
17-8034305,Larciere,Loïca,,$1569.91,Lesson Planning,$214.88
53-5647382,Attwool,Aimée,battwoolkw@discuz.net,$7163.45,Device Drivers,$50.91
13-5835565,Bullock,Eliès,mbullockkx@live.com,$2040.89,TDA,$305.73
95-5769712,Heintsch,,theintschky@skyrock.com,$5588.68,WBEM,$42.16
17-8752952,Trahearn,Marylène,dtrahearnkz@ow.ly,$1338.44,Axys,$146.02
35-9020986,Grono,Estève,jgronol0@java.com,$4909.57,PVS,$115.15
77-3251507,Awde,Cléa,dawdel1@fema.gov,$9561.94,Urdu,$389.86
06-3290541,Adamczyk,Marie-thérèse,tadamczykl2@uol.com.br,$8311.79,Awesomeness,$293.71
41-4892839,,Angélique,,$1598.36,Cross-functional Coordination,$49.16
65-2814463,Towe,,stowel4@tiny.cc,$4488.39,People-oriented,$159.46
83-9513006,Boscott,Rachèle,cboscottl5@ifeng.com,$2553.81,ERP,$246.39
71-9392960,Noli,Estée,jnolil6@sourceforge.net,$3197.78,Urinalysis,$164.95
80-7887375,Feehery,Marie-thérèse,rfeeheryl7@ehow.com,$1599.74,ICP-MS,$196.22
92-3743101,,Maïlys,aotteridgel8@google.cn,$2125.28,Wastewater Treatment,$322.96
13-6548593,,Judicaël,,$3586.50,Project Portfolio Management,$85.81
60-5730350,,Lucrèce,kbaptistela@opera.com,$4091.77,Title IV,$382.28
40-0808984,Fowle,Intéressant,ffowlelb@163.com,$1818.31,Egyptian Arabic,$488.62
45-7425198,McGiveen,Loïs,mmcgiveenlc@unicef.org,$1705.47,RAN,$207.41
75-5311396,Swaine,Ruò,sswaineld@ebay.co.uk,$7077.28,JDBC,$30.08
66-0701782,Letherbury,Méng,aletherburyle@go.com,$8453.84,IP Networking,$409.30
01-4965324,,Märta,kedelmannlf@ehow.com,$3514.34,Cisco Technologies,$213.61
53-6707697,Abrahamoff,Marie-thérèse,fabrahamofflg@biblegateway.com,$7119.84,VSP 4,$118.85
17-9946870,,Nélie,rlambirdlh@mlb.com,$6687.31,Pitching Ideas,$68.55
59-8694601,McGunley,Cloé,dmcgunleyli@feedburner.com,$7420.34,XML Gateway,$464.75
77-8813921,McQuirk,Valérie,amcquirklj@360.cn,$1771.55,OmniPage,$474.41
49-2245423,,Yè,,$1100.82,Tax Accounting,$65.38
45-7890815,Neubigging,,mneubiggingll@oaic.gov.au,$8456.63,DDI Certified Facilitator,$490.68
94-2948478,Dechelle,Pò,cdechellelm@usnews.com,$1708.55,Public Sector,$488.00
86-7084002,,Frédérique,cwetheraldln@cdbaby.com,$9689.62,Outcomes Research,$242.53
21-7551241,Flarity,Anaé,,$7352.08,Windows Azure,$430.52
71-7058513,Stilly,Dù,estillylp@networksolutions.com,$9334.43,IRB,$83.26
44-2836153,Moxham,Renée,omoxhamlq@businesswire.com,$4951.07,UE,$380.92
58-0602096,Sabey,Mårten,csabeylr@moonfruit.com,$4327.99,GSM,$160.96
21-1752333,Norcliff,Hélène,nnorcliffls@google.co.jp,$7179.19,Fashion Photography,$197.60
30-6987604,Peverell,Néhémie,wpeverelllt@yelp.com,$8275.08,Total Cost of Ownership,$242.65
60-7507136,Ramard,,framardlu@facebook.com,$7426.95,European History,$435.38
85-5099562,Lethley,Yóu,elethleylv@mediafire.com,$5908.68,Business Planning,$61.93
80-9702126,Mathews,Edmée,cmathewslw@ezinearticles.com,$5440.01,Aircraft,$128.29
61-7074106,Peakman,Östen,apeakmanlx@feedburner.com,$7008.11,Runway,$333.60
05-9082574,Syratt,Anaïs,dsyrattly@deviantart.com,$2743.16,GSLC,$278.91
69-6470427,,Lóng,dcrotherlz@joomla.org,$4698.67,Portfolio Management,$382.18
36-4289300,Local,Valérie,flocalm0@odnoklassniki.ru,$8895.77,XSI,$335.63
21-7479757,Heinecke,Audréanne,aheineckem1@google.fr,$6790.52,Consumer Electronics,$58.23
02-5056480,Brackley,Táng,,$2309.14,Virtual DJ,$338.52
99-7055074,,Östen,tfranciem3@eventbrite.com,$4371.42,RDBMS,$339.35
41-2488003,Boughey,,sbougheym4@seesaa.net,$8837.09,AAT,$493.58
13-3646513,Weymouth,Annotés,bweymouthm5@ocn.ne.jp,$5595.93,Vendor Relationship Management,$426.74
44-3854811,Allmann,Maëlla,,$7317.86,Environmental Awareness,$322.39
82-4823297,Von Welden,Kallisté,mvonweldenm7@multiply.com,$9992.67,HW Design,$290.87
31-8198582,Sloey,Angélique,,$5191.86,SGSN,$116.32
06-3898697,,Börje,bgoodalem9@google.com,$8878.62,,$71.88
49-2003611,Briatt,Régine,jbriattma@tamu.edu,$7264.60,Vsftpd,$494.09
40-4654663,Fieldhouse,Annotés,,$6673.25,PNR,$200.63
72-7913112,Kildahl,Uò,,$7027.23,Vray,$484.95
91-6573773,Bedome,Åsa,kbedomemd@live.com,$7737.40,SSRS,$279.52
50-5408323,Starten,,mstartenme@auda.org.au,$8397.26,DITA XML,$361.16
92-4300903,Knocker,,aknockermf@bizjournals.com,$7264.74,Hiring,$268.66
19-9049829,Helling,Lèi,shellingmg@newyorker.com,$3795.08,GXT,$495.95
37-7593142,Fritschel,Marie-thérèse,dfritschelmh@zdnet.com,$3593.01,Kofax,$387.39
70-7567475,Shakelady,Danièle,jshakeladymi@virginia.edu,$2550.74,Pyrosequencing,$29.66
10-0671525,Kleint,Cléopatre,akleintmj@technorati.com,$6965.43,,$354.58
90-9464338,,Rébecca,,$8445.69,Oleochemicals,$493.02
98-5010434,Duling,,jdulingml@cisco.com,$7380.63,Epicor,$236.11
18-5453504,Isham,Lèi,oishammm@google.pl,$7089.04,TPP,$406.06
85-2923549,Rides,Personnalisée,mridesmn@newsvine.com,$4061.24,HLSL,$115.26
14-4982755,Tayler,Marie-ève,ltaylermo@prweb.com,$1525.12,CMS-1500,$174.50
85-8189072,Warrier,Mélodie,owarriermp@seesaa.net,$9760.86,,$313.82
53-0042028,Penniall,Joséphine,epenniallmq@usda.gov,$8891.32,Gutters,$328.38
38-3100996,MacCague,Styrbjörn,wmaccaguemr@about.me,$1455.46,Account Management,$383.30
88-4482854,Vuitte,Gösta,avuittems@last.fm,$6677.27,Industrial Ethernet,$259.07
58-5161800,Damato,Almérinda,gdamatomt@ted.com,$6005.37,Radio,$61.60
02-9269828,,Angèle,apetticrowmu@hibu.com,$5459.32,,$409.28
83-2973584,Putterill,Cécile,sputterillmv@nasa.gov,$9476.87,Posters,$144.56
51-3645348,Savins,Laurélie,ksavinsmw@vinaora.com,$4230.62,Work Very Well with Others,$223.07
16-0047446,,Solène,gmcclymontmx@omniture.com,$5133.37,High Sense Of Urgency,$472.67
43-9335310,Ghione,Méryl,dghionemy@auda.org.au,$9440.03,Customer Engagement,$354.74
34-7828605,Shapero,Tán,ashaperomz@studiopress.com,$1357.30,Visual Studio,$188.69
97-3554226,Copp,Mélia,scoppn0@walmart.com,$3193.94,Kettlebells,$280.90
57-8437793,,Östen,gpigfordn1@weibo.com,$2278.85,ISO 13485,$428.34
10-6598213,Grimmolby,Lài,agrimmolbyn2@nature.com,$5588.74,IT Project &amp
44-9063499,Abbatucci,Adélaïde,cabbatuccin3@shop-pro.jp,$7228.33,VHDL-AMS,$136.14
35-8220043,Swinley,,aswinleyn4@google.nl,$3872.05,Test Automation,$240.71
61-1982846,Tripet,Maï,etripetn5@1688.com,$4831.79,VPP,$124.80
78-9833343,Zorzini,,ozorzinin6@rambler.ru,$6322.79,Turbomachinery,$166.51
24-0455372,Gouthier,Táng,,$5830.23,Xactly Incent,$417.88
53-6456839,Toun,,gtounn8@mlb.com,$8001.29,PCB Design,$210.40
64-6684832,,,mpettegreen9@freewebs.com,$5335.35,SLES,$99.94
36-5268014,Inkles,Stévina,binklesna@ow.ly,$4964.03,Zachman,$305.02
35-6603599,Nijssen,Esbjörn,pnijssennb@narod.ru,$1436.39,Pyrotechnics,$498.55
79-1207851,Moodey,Maëlys,pmoodeync@forbes.com,$8324.31,Workplace Violence,$446.73
34-6666468,Cossons,Thérèse,ccossonsnd@purevolume.com,$4271.96,Real Estate Economics,$51.22
28-5940466,Ferre,André,,$6645.61,Overseeing Projects,$316.22
28-9536549,Adamini,Josée,aadamininf@comcast.net,$1859.32,Start-up Consulting,$365.72
07-3207135,Dinzey,Lyséa,cdinzeyng@rakuten.co.jp,$7895.81,FP7,$459.48
41-6262397,Claque,Anaé,dclaquenh@skyrock.com,$1876.04,,$203.31
54-7846374,Scrowson,Gaëlle,ascrowsonni@google.pl,$5417.41,EGPRS,$62.59
28-0778747,Crammy,Personnalisée,rcrammynj@omniture.com,$3563.96,Wholesale,$150.32
92-7051209,Duro,Félicie,tduronk@indiegogo.com,$4074.86,GT-Power,$463.37
50-6388500,,Mén,pguillemnl@paginegialle.it,$1107.26,SDK,$497.18
27-1989549,,Intéressant,lforgienm@printfriendly.com,$9026.90,SMS,$267.93
84-0675935,Frickey,Maëlla,efrickeynn@wordpress.org,$4107.49,WTX,$248.09
67-5592141,Sherman,Jú,gshermanno@addtoany.com,$7538.37,Loan Servicing,$181.44
18-6233487,,Marie-thérèse,,$3142.62,Fertility,$68.43
32-6390208,Cobbald,Intéressant,acobbaldnq@mayoclinic.com,$7073.09,SWIFT Messaging,$104.09
79-9669713,Moynihan,Åsa,cmoynihannr@pinterest.com,$2601.42,IOS Firewall,$380.17
89-0629973,,Hélène,,$6901.80,Outerwear,$441.83
61-2800215,Reams,Loïs,sreamsnt@cbsnews.com,$9043.50,D3.js,$328.41
73-3099564,Cancelier,Michèle,ccanceliernu@diigo.com,$7227.37,GFAAS,$492.20
14-9905057,,Fèi,gcouparnv@thetimes.co.uk,$2038.73,Program Evaluation,$111.90
89-7618158,Boleyn,Maëlys,aboleynnw@printfriendly.com,$4487.92,Computer Games,$286.04
53-5671119,Bertelmot,Uò,hbertelmotnx@dagondesign.com,$3896.80,CADS RC,$442.69
60-2317181,Skottle,,,$4508.40,PBX,$89.40
03-9074446,Vaun,,cvaunnz@jugem.jp,$9520.74,Performance Tuning,$335.68
18-1404070,Pietruszka,Ráo,,$8905.84,FI-AA,$480.65
82-8901498,Stirman,,,$2204.50,OTM,$288.52
26-6488618,Berwick,,bberwicko2@cafepress.com,$7838.43,Icon Design,$47.23
18-6458441,Dysert,Laïla,rdyserto3@chronoengine.com,$2970.58,Sheet Metal,$135.67
65-4233856,MacNess,Laïla,,$7232.54,MPLS Networking,$18.89
05-2279715,MacCallam,Kù,rmaccallamo5@last.fm,$1683.40,Outlook,$306.59
85-3275634,,Mén,onoaro6@archive.org,$5903.58,TMS320,$197.75
15-0837682,Okker,Cléa,gokkero7@blogtalkradio.com,$3516.30,Credit Cards,$318.25
79-4511587,,Séverine,nbattello8@myspace.com,$4846.24,McKesson PACS,$288.59
58-0708032,Cattow,Inès,,$5647.80,DFX,$141.94
09-7758105,,Angèle,tpointingoa@google.de,$6110.28,Generators,$212.14
62-8330187,,Camélia,lskirlinob@zimbio.com,$6191.44,Cardiac MRI,$404.43
88-3785056,,Kallisté,ptosdevinoc@archive.org,$1881.95,SRDS,$115.62
10-6966082,Ondracek,Cloé,eondracekod@google.co.jp,$8764.35,Air Force,$146.35
17-3991077,Delacroux,Angélique,hdelacrouxoe@smugmug.com,$2876.21,Jing,$281.80
37-1854526,Rollins,Jú,arollinsof@etsy.com,$5190.94,Commercial Piloting,$438.77
11-0816838,Jimenez,Solène,rjimenezog@scientificamerican.com,$2268.41,Venture Capital,$309.00
09-5143209,Eadon,,,$3664.04,Legal Documents,$279.00
47-8980045,,Lén,ceasbyoi@nature.com,$3598.03,Product Knowledge,$213.01
40-9682334,Rannells,Lén,,$6899.19,GMLAN,$486.92
81-7686778,Smidmoor,Torbjörn,dsmidmoorok@alibaba.com,$3226.93,Justice,$86.78
57-8619704,Gritland,Laïla,jgritlandol@123-reg.co.uk,$5410.18,,$245.30
77-8705084,,Miléna,bduminiom@oracle.com,$6464.73,Essential Oils,$153.82
79-4783175,Wellbelove,Gisèle,kwellbeloveon@people.com.cn,$6209.38,MRV,$451.05
10-7586154,Giacomoni,Pò,,$5201.43,Variance Analysis,$181.11
47-4280533,Queyeiro,Jú,,$4350.45,GFI,$314.58
25-3481600,,Loïc,,$4652.62,AVEVA PDMS,$321.04
16-4315811,Sante,Inès,msanteor@seesaa.net,$4811.52,KOL Development,$84.20
18-9355170,Hague,Méthode,,$8967.75,Quantitative Research,$72.23
64-5468285,Mulmuray,Kuí,cmulmurayot@furl.net,$7665.64,PMD,$311.63
15-3162675,Pedrick,Mahélie,mpedrickou@smh.com.au,$9517.07,LMDS,$457.40
91-3739280,Cardall,Nuó,hcardallov@gravatar.com,$6818.25,Sustainable Agriculture,$105.43
78-8877189,,Ophélie,,$9157.57,Digital Illustration,$179.93
97-0221550,O'Grogane,Médiamass,cogroganeox@mozilla.com,$6337.51,iOS,$305.48
34-7083657,Bayston,Yú,bbaystonoy@theguardian.com,$2915.90,FX Swaps,$63.30
28-2029462,Pinnell,Réjane,apinnelloz@marriott.com,$8143.72,Small Boat Operations,$123.40
47-8175125,Bocken,Cécilia,mbockenp0@youtu.be,$7576.99,Cerner,$328.68
03-5210271,,Marie-hélène,,$8466.35,IEP,$274.88
15-0822034,Hodgon,Mén,ihodgonp2@techcrunch.com,$8194.59,LDA,$384.24
67-8538462,Beaford,Maïly,hbeafordp3@craigslist.org,$7098.52,Blueprint Reading,$354.26
38-8396775,Gorham,Aí,ggorhamp4@weather.com,$7875.65,Autodesk Inventor,$321.92
44-1277902,Matfin,Méline,smatfinp5@wp.com,$9381.67,Lumion,$298.50
01-2052093,Roth,Maï,wrothp6@omniture.com,$3807.02,RPT,$198.32
46-3348638,Dooher,,gdooherp7@wikimedia.org,$8428.80,Materials Science,$226.23
59-1312921,,Desirée,dstentifordp8@1688.com,$6192.06,Dog Training,$267.04
73-3692475,Geelan,Séverine,ngeelanp9@nytimes.com,$9283.36,Supplier Evaluation,$353.94
13-0901609,Connold,Eliès,bconnoldpa@blogger.com,$2196.53,Salesforce.com,$41.50
96-9483882,Braney,Dà,rbraneypb@sourceforge.net,$3126.44,Criminal Investigations,$148.15
95-4826243,Jeacop,Marie-ève,fjeacoppc@bloglines.com,$9105.71,Durable Medical Equipment,$185.30
26-9385382,,Régine,fruffypd@msu.edu,$4822.25,,$175.30
76-0743098,Christy,Cécilia,,$2227.55,DNA ligation,$51.02
38-5990685,Brittle,Ophélie,tbrittlepf@moonfruit.com,$3402.69,Zend Studio,$429.82
79-3919965,Skentelbery,Joséphine,,$7218.67,HMO,$465.04
07-3227330,Mousley,Cécilia,smousleyph@de.vu,$8993.46,HCAHPS,$498.43
90-3568222,Kittoe,Ruì,pkittoepi@engadget.com,$2577.82,BTEQ,$44.92
68-7385765,Mawditt,Gaétane,amawdittpj@biglobe.ne.jp,$9441.65,Public Affairs,$392.98
63-0559258,Starkey,,astarkeypk@theguardian.com,$1974.41,iOS Design,$344.08
00-2777415,Vaskov,Måns,tvaskovpl@nps.gov,$1087.54,SSAS 2008,$12.74
75-9786647,Cadwaladr,Märta,ccadwaladrpm@ycombinator.com,$3832.54,Workforce Management,$145.96
33-9615561,Leeb,Lóng,sleebpn@admin.ch,$2111.47,Event Planning,$254.37
55-2277669,Corbridge,Léa,scorbridgepo@cnbc.com,$7099.87,CCDA,$483.51
21-3872523,,Maëlyss,pkilrowpp@springer.com,$2879.98,Iron Ore,$190.30
01-2580929,Escalante,Görel,rescalantepq@over-blog.com,$5236.63,Software Implementation,$282.97
64-2346433,,Lèi,,$2945.97,DSDM,$393.64
51-8254388,Reschke,Marylène,hreschkeps@livejournal.com,$7556.66,TM1,$243.89
32-5403305,Cuffe,André,ecuffept@hp.com,$4096.33,Guitar Playing,$157.95
03-2038900,Baybutt,Daphnée,cbaybuttpu@buzzfeed.com,$8639.13,Media Relations,$280.41
36-1738648,,Loïca,,$9516.15,SQL Azure,$220.52
41-6096464,Nestle,Örjan,rnestlepw@mac.com,$6915.40,Nikon DSLR,$384.99
15-4327117,Moxted,Yénora,rmoxtedpx@de.vu,$3968.05,PY,$137.11
18-6894731,Conew,Mélys,fconewpy@sciencedirect.com,$4921.08,Partner Management,$200.33
77-2186052,Ebbles,Athéna,tebblespz@ucoz.com,$9781.59,Yardi Enterprise,$251.42
26-8666560,Bowerman,Chloé,hbowermanq0@hubpages.com,$7910.43,Supporting Others,$199.53
75-3144768,Dearle,Réjane,kdearleq1@nasa.gov,$8239.28,Pyramid,$50.20
53-4139420,Jailler,,,$3887.28,HTTPWatch,$38.75
81-2682803,,André,teverexq3@biglobe.ne.jp,$4110.05,Italian,$472.11
18-4493440,Grinyakin,Béatrice,ggrinyakinq4@tmall.com,$7181.33,,$364.82
92-6740611,Wormstone,Marie-noël,,$4205.85,iGrafx,$396.21
95-0560390,,Bérangère,bpellattq6@xing.com,$1764.93,IBM Utilities,$195.74
05-0641472,,Dà,jcraighillq7@goo.ne.jp,$1766.10,TDM,$257.17
71-5729245,Cloake,,acloakeq8@behance.net,$3025.85,Hyperion Planning,$51.15
05-5577786,,Agnès,scandeyq9@wunderground.com,$6735.57,Omeka,$400.73
86-4032911,Goligher,Irène,,$8943.27,Tk,$146.77
30-7434858,Grayshan,Göran,sgrayshanqb@usda.gov,$3042.11,Karl Fisher,$286.30
07-6940962,Ughini,Josée,,$1032.36,Stakeholder Management,$380.36
10-6788045,Semered,Maëlann,jsemeredqd@bandcamp.com,$2746.02,Xilinx,$375.62
79-2427805,Lovel,,tlovelqe@stanford.edu,$5979.02,iVantage,$225.83
93-0581202,Winfrey,Loïc,,$5199.09,Floor Plans,$185.39
44-6262970,,Liè,,$9692.29,,$479.70
35-0230514,Pollack,Mà,,$8222.95,IP CCTV,$370.18
71-3850467,Ruberti,Kù,crubertiqi@technorati.com,$8218.69,IxLoad,$84.01
87-2762048,Blampied,Zoé,fblampiedqj@about.me,$8335.94,,$456.90
04-5711090,Macoun,Célia,tmacounqk@studiopress.com,$9814.30,Xerox Printers,$400.28
03-6880751,Fey,Mylène,mfeyql@apache.org,$1146.21,RPM,$209.03
36-2776701,Acedo,Åsa,sacedoqm@tmall.com,$6455.15,VSA,$404.99
79-9324803,Burg,Cléa,gburgqn@theatlantic.com,$6758.07,Zumba,$472.88
76-2076318,Hickford,Michèle,rhickfordqo@delicious.com,$4571.70,Pneumatics,$116.74
73-8099084,Jex,Edmée,fjexqp@wikipedia.org,$5088.62,RPG II,$127.71
26-3937626,Cansdall,Örjan,rcansdallqq@addthis.com,$3111.06,OTV,$308.69
89-5285628,,Styrbjörn,dsacchettiqr@ovh.net,$8343.98,UK Immigration,$128.39
91-5475348,Sabbins,,msabbinsqs@technorati.com,$1595.62,XAMPP,$399.76
64-7758574,Padefield,Michèle,mpadefieldqt@usa.gov,$7859.93,New Business Development,$221.08
97-1630073,Fright,Ráo,ffrightqu@businessinsider.com,$9572.45,NMS,$297.09
77-8288842,Smidmor,,,$5526.00,SSOP,$220.83
74-6581476,Egiloff,Léone,,$1123.63,Utility Mapping,$97.22
13-2852505,,Ráo,aemslieqx@wikia.com,$4577.16,Internet Yellow Pages,$455.33
08-2148422,Nazareth,Loïs,enazarethqy@hao123.com,$1683.51,Nylon,$93.98
15-7433394,Brende,Géraldine,abrendeqz@about.com,$3387.70,Business Process Improvement,$75.87
53-7140718,Reggio,Audréanne,dreggior0@samsung.com,$3018.68,Outpatient Orthopedics,$488.71
58-1730835,Lode,Lén,iloder1@bbb.org,$3502.59,NFPA 101,$488.43
73-0360221,Haensel,Naëlle,hhaenselr2@opensource.org,$6819.17,QR,$142.82
73-9962670,,Mahélie,spowleslandr3@spotify.com,$5561.97,,$175.74
27-4748630,Bassford,Marylène,rbassfordr4@macromedia.com,$8132.98,Training Delivery,$236.56
71-8422717,Brayn,Mélys,,$4381.66,RIP,$106.13
35-4005681,,Renée,ggrobr6@usda.gov,$9989.87,Tablet PC,$51.70
72-9876491,Grinishin,Ruò,fgrinishinr7@ihg.com,$1940.06,Key Account Relationship Building,$387.73
78-4783089,Fawley,,lfawleyr8@guardian.co.uk,$5503.71,EHR,$395.30
79-6690018,Sayle,Edmée,ksayler9@jigsy.com,$1093.10,MCDBA,$201.14
23-9075954,Wiper,Zoé,bwiperra@sourceforge.net,$6398.98,Church Growth,$234.39
51-9254911,Redgate,Léonore,credgaterb@netlog.com,$6864.90,Motivational Interviewing,$237.40
85-4718674,Redfearn,Andréanne,sredfearnrc@intel.com,$2641.56,Guided Reading,$195.02
24-4429574,Christofor,Néhémie,,$9752.05,QA Automation,$127.04
51-5331801,Oluwatoyin,Mélys,aoluwatoyinre@go.com,$7730.07,LyX,$251.87
05-5764171,Silmon,Nadège,vsilmonrf@ibm.com,$8140.05,FSP,$265.88
08-5157506,Shekle,Gaétane,bsheklerg@squarespace.com,$1972.60,TDA,$29.92
41-6048297,Beverley,Angèle,rbeverleyrh@creativecommons.org,$2936.02,VPP,$469.79
61-0860114,,Audréanne,ibrydsonri@list-manage.com,$4192.86,MSI,$301.26
25-1333222,,Réservés,gandrivelrj@simplemachines.org,$1103.28,IDL,$94.33
87-5780226,Cauthra,Irène,,$6490.35,Interactive TV,$207.44
42-4259413,,Yú,bmarchantrl@unc.edu,$4364.47,FCC License,$408.98
79-1583895,,,ttrundellrm@wunderground.com,$3904.29,,$23.62
82-7209589,Zaniolo,Estée,mzaniolorn@cafepress.com,$7600.94,IXOS,$373.05
84-7905444,Tegler,Irène,gteglerro@pbs.org,$6431.73,VMware Workstation,$470.26
17-6315584,Woodier,Léane,,$5552.95,Czech,$99.84
33-7349370,Turfrey,,,$1348.01,VNA,$307.25
26-4567547,Petrak,Lèi,gpetrakrr@blogtalkradio.com,$6756.28,Novell,$442.38
